Workbook

Sheet ÖZET
A1: Sorumlu bazında iş sayısı (VKN aralığına göre; Vergilendirme bölümü aralıkları — kaynak: kullanıcının aracındaki tablo)
A3: SORUMLU | B3: 03.01 | C3: 03.02 | D3: 03.03 | E3: 03.04 | F3: 03.05 | G3: 03.06 | H3: 03.08 | I3: 05.01 | J3: 05.02 | K3: 05.03 | L3: 05.04 | M3: 05.05 | N3: 06.01 | O3: 06.02 | P3: 06.03 | Q3: 06.04 | R3: 06.05 | S3: 08.04 | T3: 09.01 | U3: 09.02 | V3: 09.03 | W3: 09.04 | X3: 09.05 | Y3: TOPLAM
A4: Nalan ŞERİF | B4: =COUNTIFS('03 VERGİ İNCELEME RAPORU'!$B:$B,$A4,'03 VERGİ İNCELEME RAPORU'!$A:$A,"03.01*") -> 1 | C4: =COUNTIFS('03 VERGİ İNCELEME RAPORU'!$B:$B,$A4,'03 VERGİ İNCELEME RAPORU'!$A:$A,"03.02*") -> 0 | D4: =COUNTIFS('03 VERGİ İNCELEME RAPORU'!$B:$B,$A4,'03 VERGİ İNCELEME RAPORU'!$A:$A,"03.03*") -> 8 | E4: =COUNTIFS('03 VERGİ İNCELEME RAPORU'!$B:$B,$A4,'03 VERGİ İNCELEME RAPORU'!$A:$A,"03.04*") -> 0 | F4: =COUNTIFS('03 VERGİ İNCELEME RAPORU'!$B:$B,$A4,'03 VERGİ İNCELEME RAPORU'!$A:$A,"03.05*") -> 0 | G4: =COUNTIFS('03 VERGİ İNCELEME RAPORU'!$B:$B,$A4,'03 VERGİ İNCELEME RAPORU'!$A:$A,"03.06*") -> 0 | H4: =COUNTIFS('03 VERGİ İNCELEME RAPORU'!$B:$B,$A4,'03 VERGİ İNCELEME RAPORU'!$A:$A,"03.08*") -> 0 | I4: =COUNTIFS('05 TAKDİRİ SEVK İŞLEMLERİ'!$B:$B,$A4,'05 TAKDİRİ SEVK İŞLEMLERİ'!$A:$A,"05.01*") -> 0 | J4: =COUNTIFS('05 TAKDİRİ SEVK İŞLEMLERİ'!$B:$B,$A4,'05 TAKDİRİ SEVK İŞLEMLERİ'!$A:$A,"05.02*") -> 0 | K4: =COUNTIFS('05 TAKDİRİ SEVK İŞLEMLERİ'!$B:$B,$A4,'05 TAKDİRİ SEVK İŞLEMLERİ'!$A:$A,"05.03*") -> 0 | L4: =COUNTIFS('05 TAKDİRİ SEVK İŞLEMLERİ'!$B:$B,$A4,'05 TAKDİRİ SEVK İŞLEMLERİ'!$A:$A,"05.04*") -> 0 | M4: =COUNTIFS('05 TAKDİRİ SEVK İŞLEMLERİ'!$B:$B,$A4,'05 TAKDİRİ SEVK İŞLEMLERİ'!$A:$A,"05.05*") -> 0 | N4: =COUNTIFS('06 VERGİ CEZA İHBARNAMELERİ'!$B:$B,$A4,'06 VERGİ CEZA İHBARNAMELERİ'!$A:$A,"06.01*") -> 5 | O4: =COUNTIFS('06 VERGİ CEZA İHBARNAMELERİ'!$B:$B,$A4,'06 VERGİ CEZA İHBARNAMELERİ'!$A:$A,"06.02*") -> 13 | P4: =COUNTIFS('06 VERGİ CEZA İHBARNAMELERİ'!$B:$B,$A4,'06 VERGİ CEZA İHBARNAMELERİ'!$A:$A,"06.03*") -> 3 | Q4: =COUNTIFS('06 VERGİ CEZA İHBARNAMELERİ'!$B:$B,$A4,'06 VERGİ CEZA İHBARNAMELERİ'!$A:$A,"06.04*") -> 2 | R4: =COUNTIFS('06 VERGİ CEZA İHBARNAMELERİ'!$B:$B,$A4,'06 VERGİ CEZA İHBARNAMELERİ'!$A:$A,"06.05*") -> 8 | S4: =COUNTIFS('08 SÜREKSİZ YÜKÜMLÜLÜKLER'!$B:$B,$A4,'08 SÜREKSİZ YÜKÜMLÜLÜKLER'!$A:$A,"08.04*") -> 0 | T4: =COUNTIFS('09 KANUNİ SÜRESİNDEN SONRA VERİ'!$B:$B,$A4,'09 KANUNİ SÜRESİNDEN SONRA VERİ'!$A:$A,"09.01*") -> 0 | U4: =COUNTIFS('09 KANUNİ SÜRESİNDEN SONRA VERİ'!$B:$B,$A4,'09 KANUNİ SÜRESİNDEN SONRA VERİ'!$A:$A,"09.02*") -> 3 | V4: =COUNTIFS('09 KANUNİ SÜRESİNDEN SONRA VERİ'!$B:$B,$A4,'09 KANUNİ SÜRESİNDEN SONRA VERİ'!$A:$A,"09.03*") -> 0 | W4: =COUNTIFS('09 KANUNİ SÜRESİNDEN SONRA VERİ'!$B:$B,$A4,'09 KANUNİ SÜRESİNDEN SONRA VERİ'!$A:$A,"09.04*") -> 0 | X4: =COUNTIFS('09 KANUNİ SÜRESİNDEN SONRA VERİ'!$B:$B,$A4,'09 KANUNİ SÜRESİNDEN SONRA VERİ'!$A:$A,"09.05*") -> 0 | Y4: =SUM(B4:X4) -> 43
A5: Özge TARIM | B5: =COUNTIFS('03 VERGİ İNCELEME RAPORU'!$B:$B,$A5,'03 VERGİ İNCELEME RAPORU'!$A:$A,"03.01*") -> 0 | C5: =COUNTIFS('03 VERGİ İNCELEME RAPORU'!$B:$B,$A5,'03 VERGİ İNCELEME RAPORU'!$A:$A,"03.02*") -> 0 | D5: =COUNTIFS('03 VERGİ İNCELEME RAPORU'!$B:$B,$A5,'03 VERGİ İNCELEME RAPORU'!$A:$A,"03.03*") -> 0 | E5: =COUNTIFS('03 VERGİ İNCELEME RAPORU'!$B:$B,$A5,'03 VERGİ İNCELEME RAPORU'!$A:$A,"03.04*") -> 0 | F5: =COUNTIFS('03 VERGİ İNCELEME RAPORU'!$B:$B,$A5,'03 VERGİ İNCELEME RAPORU'!$A:$A,"03.05*") -> 0 | G5: =COUNTIFS('03 VERGİ İNCELEME RAPORU'!$B:$B,$A5,'03 VERGİ İNCELEME RAPORU'!$A:$A,"03.06*") -> 0 | H5: =COUNTIFS('03 VERGİ İNCELEME RAPORU'!$B:$B,$A5,'03 VERGİ İNCELEME RAPORU'!$A:$A,"03.08*") -> 0 | I5: =COUNTIFS('05 TAKDİRİ SEVK İŞLEMLERİ'!$B:$B,$A5,'05 TAKDİRİ SEVK İŞLEMLERİ'!$A:$A,"05.01*") -> 0 | J5: =COUNTIFS('05 TAKDİRİ SEVK İŞLEMLERİ'!$B:$B,$A5,'05 TAKDİRİ SEVK İŞLEMLERİ'!$A:$A,"05.02*") -> 0 | K5: =COUNTIFS('05 TAKDİRİ SEVK İŞLEMLERİ'!$B:$B,$A5,'05 TAKDİRİ SEVK İŞLEMLERİ'!$A:$A,"05.03*") -> 0 | L5: =COUNTIFS('05 TAKDİRİ SEVK İŞLEMLERİ'!$B:$B,$A5,'05 TAKDİRİ SEVK İŞLEMLERİ'!$A:$A,"05.04*") -> 0 | M5: =COUNTIFS('05 TAKDİRİ SEVK İŞLEMLERİ'!$B:$B,$A5,'05 TAKDİRİ SEVK İŞLEMLERİ'!$A:$A,"05.05*") -> 1 | N5: =COUNTIFS('06 VERGİ CEZA İHBARNAMELERİ'!$B:$B,$A5,'06 VERGİ CEZA İHBARNAMELERİ'!$A:$A,"06.01*") -> 43 | O5: =COUNTIFS('06 VERGİ CEZA İHBARNAMELERİ'!$B:$B,$A5,'06 VERGİ CEZA İHBARNAMELERİ'!$A:$A,"06.02*") -> 13 | P5: =COUNTIFS('06 VERGİ CEZA İHBARNAMELERİ'!$B:$B,$A5,'06 VERGİ CEZA İHBARNAMELERİ'!$A:$A,"06.03*") -> 9 | Q5: =COUNTIFS('06 VERGİ CEZA İHBARNAMELERİ'!$B:$B,$A5,'06 VERGİ CEZA İHBARNAMELERİ'!$A:$A,"06.04*") -> 2 | R5: =COUNTIFS('06 VERGİ CEZA İHBARNAMELERİ'!$B:$B,$A5,'06 VERGİ CEZA İHBARNAMELERİ'!$A:$A,"06.05*") -> 1 | S5: =COUNTIFS('08 SÜREKSİZ YÜKÜMLÜLÜKLER'!$B:$B,$A5,'08 SÜREKSİZ YÜKÜMLÜLÜKLER'!$A:$A,"08.04*") -> 0 | T5: =COUNTIFS('09 KANUNİ SÜRESİNDEN SONRA VERİ'!$B:$B,$A5,'09 KANUNİ SÜRESİNDEN SONRA VERİ'!$A:$A,"09.01*") -> 0 | U5: =COUNTIFS('09 KANUNİ SÜRESİNDEN SONRA VERİ'!$B:$B,$A5,'09 KANUNİ SÜRESİNDEN SONRA VERİ'!$A:$A,"09.02*") -> 0 | V5: =COUNTIFS('09 KANUNİ SÜRESİNDEN SONRA VERİ'!$B:$B,$A5,'09 KANUNİ SÜRESİNDEN SONRA VERİ'!$A:$A,"09.03*") -> 0 | W5: =COUNTIFS('09 KANUNİ SÜRESİNDEN SONRA VERİ'!$B:$B,$A5,'09 KANUNİ SÜRESİNDEN SONRA VERİ'!$A:$A,"09.04*") -> 1 | X5: =COUNTIFS('09 KANUNİ SÜRESİNDEN SONRA VERİ'!$B:$B,$A5,'09 KANUNİ SÜRESİNDEN SONRA VERİ'!$A:$A,"09.05*") -> 0 | Y5: =SUM(B5:X5) -> 70
A6: Halim YARAR | B6: =COUNTIFS('03 VERGİ İNCELEME RAPORU'!$B:$B,$A6,'03 VERGİ İNCELEME RAPORU'!$A:$A,"03.01*") -> 1 | C6: =COUNTIFS('03 VERGİ İNCELEME RAPORU'!$B:$B,$A6,'03 VERGİ İNCELEME RAPORU'!$A:$A,"03.02*") -> 0 | D6: =COUNTIFS('03 VERGİ İNCELEME RAPORU'!$B:$B,$A6,'03 VERGİ İNCELEME RAPORU'!$A:$A,"03.03*") -> 8 | E6: =COUNTIFS('03 VERGİ İNCELEME RAPORU'!$B:$B,$A6,'03 VERGİ İNCELEME RAPORU'!$A:$A,"03.04*") -> 0 | F6: =COUNTIFS('03 VERGİ İNCELEME RAPORU'!$B:$B,$A6,'03 VERGİ İNCELEME RAPORU'!$A:$A,"03.05*") -> 1 | G6: =COUNTIFS('03 VERGİ İNCELEME RAPORU'!$B:$B,$A6,'03 VERGİ İNCELEME RAPORU'!$A:$A,"03.06*") -> 0 | H6: =COUNTIFS('03 VERGİ İNCELEME RAPORU'!$B:$B,$A6,'03 VERGİ İNCELEME RAPORU'!$A:$A,"03.08*") -> 0 | I6: =COUNTIFS('05 TAKDİRİ SEVK İŞLEMLERİ'!$B:$B,$A6,'05 TAKDİRİ SEVK İŞLEMLERİ'!$A:$A,"05.01*") -> 0 | J6: =COUNTIFS('05 TAKDİRİ SEVK İŞLEMLERİ'!$B:$B,$A6,'05 TAKDİRİ SEVK İŞLEMLERİ'!$A:$A,"05.02*") -> 6 | K6: =COUNTIFS('05 TAKDİRİ SEVK İŞLEMLERİ'!$B:$B,$A6,'05 TAKDİRİ SEVK İŞLEMLERİ'!$A:$A,"05.03*") -> 24 | L6: =COUNTIFS('05 TAKDİRİ SEVK İŞLEMLERİ'!$B:$B,$A6,'05 TAKDİRİ SEVK İŞLEMLERİ'!$A:$A,"05.04*") -> 0 | M6: =COUNTIFS('05 TAKDİRİ SEVK İŞLEMLERİ'!$B:$B,$A6,'05 TAKDİRİ SEVK İŞLEMLERİ'!$A:$A,"05.05*") -> 0 | N6: =COUNTIFS('06 VERGİ CEZA İHBARNAMELERİ'!$B:$B,$A6,'06 VERGİ CEZA İHBARNAMELERİ'!$A:$A,"06.01*") -> 3 | O6: =COUNTIFS('06 VERGİ CEZA İHBARNAMELERİ'!$B:$B,$A6,'06 VERGİ CEZA İHBARNAMELERİ'!$A:$A,"06.02*") -> 10 | P6: =COUNTIFS('06 VERGİ CEZA İHBARNAMELERİ'!$B:$B,$A6,'06 VERGİ CEZA İHBARNAMELERİ'!$A:$A,"06.03*") -> 16 | Q6: =COUNTIFS('06 VERGİ CEZA İHBARNAMELERİ'!$B:$B,$A6,'06 VERGİ CEZA İHBARNAMELERİ'!$A:$A,"06.04*") -> 19 | R6: =COUNTIFS('06 VERGİ CEZA İHBARNAMELERİ'!$B:$B,$A6,'06 VERGİ CEZA İHBARNAMELERİ'!$A:$A,"06.05*") -> 4 | S6: =COUNTIFS('08 SÜREKSİZ YÜKÜMLÜLÜKLER'!$B:$B,$A6,'08 SÜREKSİZ YÜKÜMLÜLÜKLER'!$A:$A,"08.04*") -> 0 | T6: =COUNTIFS('09 KANUNİ SÜRESİNDEN SONRA VERİ'!$B:$B,$A6,'09 KANUNİ SÜRESİNDEN SONRA VERİ'!$A:$A,"09.01*") -> 0 | U6: =COUNTIFS('09 KANUNİ SÜRESİNDEN SONRA VERİ'!$B:$B,$A6,'09 KANUNİ SÜRESİNDEN SONRA VERİ'!$A:$A,"09.02*") -> 0 | V6: =COUNTIFS('09 KANUNİ SÜRESİNDEN SONRA VERİ'!$B:$B,$A6,'09 KANUNİ SÜRESİNDEN SONRA VERİ'!$A:$A,"09.03*") -> 0 | W6: =COUNTIFS('09 KANUNİ SÜRESİNDEN SONRA VERİ'!$B:$B,$A6,'09 KANUNİ SÜRESİNDEN SONRA VERİ'!$A:$A,"09.04*") -> 0 | X6: =COUNTIFS('09 KANUNİ SÜRESİNDEN SONRA VERİ'!$B:$B,$A6,'09 KANUNİ SÜRESİNDEN SONRA VERİ'!$A:$A,"09.05*") -> 4 | Y6: =SUM(B6:X6) -> 96
A7: Çağatay TÜRKOĞLU | B7: =COUNTIFS('03 VERGİ İNCELEME RAPORU'!$B:$B,$A7,'03 VERGİ İNCELEME RAPORU'!$A:$A,"03.01*") -> 0 | C7: =COUNTIFS('03 VERGİ İNCELEME RAPORU'!$B:$B,$A7,'03 VERGİ İNCELEME RAPORU'!$A:$A,"03.02*") -> 0 | D7: =COUNTIFS('03 VERGİ İNCELEME RAPORU'!$B:$B,$A7,'03 VERGİ İNCELEME RAPORU'!$A:$A,"03.03*") -> 0 | E7: =COUNTIFS('03 VERGİ İNCELEME RAPORU'!$B:$B,$A7,'03 VERGİ İNCELEME RAPORU'!$A:$A,"03.04*") -> 0 | F7: =COUNTIFS('03 VERGİ İNCELEME RAPORU'!$B:$B,$A7,'03 VERGİ İNCELEME RAPORU'!$A:$A,"03.05*") -> 0 | G7: =COUNTIFS('03 VERGİ İNCELEME RAPORU'!$B:$B,$A7,'03 VERGİ İNCELEME RAPORU'!$A:$A,"03.06*") -> 0 | H7: =COUNTIFS('03 VERGİ İNCELEME RAPORU'!$B:$B,$A7,'03 VERGİ İNCELEME RAPORU'!$A:$A,"03.08*") -> 0 | I7: =COUNTIFS('05 TAKDİRİ SEVK İŞLEMLERİ'!$B:$B,$A7,'05 TAKDİRİ SEVK İŞLEMLERİ'!$A:$A,"05.01*") -> 0 | J7: =COUNTIFS('05 TAKDİRİ SEVK İŞLEMLERİ'!$B:$B,$A7,'05 TAKDİRİ SEVK İŞLEMLERİ'!$A:$A,"05.02*") -> 0 | K7: =COUNTIFS('05 TAKDİRİ SEVK İŞLEMLERİ'!$B:$B,$A7,'05 TAKDİRİ SEVK İŞLEMLERİ'!$A:$A,"05.03*") -> 3 | L7: =COUNTIFS('05 TAKDİRİ SEVK İŞLEMLERİ'!$B:$B,$A7,'05 TAKDİRİ SEVK İŞLEMLERİ'!$A:$A,"05.04*") -> 0 | M7: =COUNTIFS('05 TAKDİRİ SEVK İŞLEMLERİ'!$B:$B,$A7,'05 TAKDİRİ SEVK İŞLEMLERİ'!$A:$A,"05.05*") -> 0 | N7: =COUNTIFS('06 VERGİ CEZA İHBARNAMELERİ'!$B:$B,$A7,'06 VERGİ CEZA İHBARNAMELERİ'!$A:$A,"06.01*") -> 0 | O7: =COUNTIFS('06 VERGİ CEZA İHBARNAMELERİ'!$B:$B,$A7,'06 VERGİ CEZA İHBARNAMELERİ'!$A:$A,"06.02*") -> 47 | P7: =COUNTIFS('06 VERGİ CEZA İHBARNAMELERİ'!$B:$B,$A7,'06 VERGİ CEZA İHBARNAMELERİ'!$A:$A,"06.03*") -> 1 | Q7: =COUNTIFS('06 VERGİ CEZA İHBARNAMELERİ'!$B:$B,$A7,'06 VERGİ CEZA İHBARNAMELERİ'!$A:$A,"06.04*") -> 6 | R7: =COUNTIFS('06 VERGİ CEZA İHBARNAMELERİ'!$B:$B,$A7,'06 VERGİ CEZA İHBARNAMELERİ'!$A:$A,"06.05*") -> 2 | S7: =COUNTIFS('08 SÜREKSİZ YÜKÜMLÜLÜKLER'!$B:$B,$A7,'08 SÜREKSİZ YÜKÜMLÜLÜKLER'!$A:$A,"08.04*") -> 0 | T7: =COUNTIFS('09 KANUNİ SÜRESİNDEN SONRA VERİ'!$B:$B,$A7,'09 KANUNİ SÜRESİNDEN SONRA VERİ'!$A:$A,"09.01*") -> 0 | U7: =COUNTIFS('09 KANUNİ SÜRESİNDEN SONRA VERİ'!$B:$B,$A7,'09 KANUNİ SÜRESİNDEN SONRA VERİ'!$A:$A,"09.02*") -> 0 | V7: =COUNTIFS('09 KANUNİ SÜRESİNDEN SONRA VERİ'!$B:$B,$A7,'09 KANUNİ SÜRESİNDEN SONRA VERİ'!$A:$A,"09.03*") -> 1 | W7: =COUNTIFS('09 KANUNİ SÜRESİNDEN SONRA VERİ'!$B:$B,$A7,'09 KANUNİ SÜRESİNDEN SONRA VERİ'!$A:$A,"09.04*") -> 4 | X7: =COUNTIFS('09 KANUNİ SÜRESİNDEN SONRA VERİ'!$B:$B,$A7,'09 KANUNİ SÜRESİNDEN SONRA VERİ'!$A:$A,"09.05*") -> 1 | Y7: =SUM(B7:X7) -> 65
A8: Ahmet TARANCI | B8: =COUNTIFS('03 VERGİ İNCELEME RAPORU'!$B:$B,$A8,'03 VERGİ İNCELEME RAPORU'!$A:$A,"03.01*") -> 0 | C8: =COUNTIFS('03 VERGİ İNCELEME RAPORU'!$B:$B,$A8,'03 VERGİ İNCELEME RAPORU'!$A:$A,"03.02*") -> 2 | D8: =COUNTIFS('03 VERGİ İNCELEME RAPORU'!$B:$B,$A8,'03 VERGİ İNCELEME RAPORU'!$A:$A,"03.03*") -> 0 | E8: =COUNTIFS('03 VERGİ İNCELEME RAPORU'!$B:$B,$A8,'03 VERGİ İNCELEME RAPORU'!$A:$A,"03.04*") -> 26 | F8: =COUNTIFS('03 VERGİ İNCELEME RAPORU'!$B:$B,$A8,'03 VERGİ İNCELEME RAPORU'!$A:$A,"03.05*") -> 23 | G8: =COUNTIFS('03 VERGİ İNCELEME RAPORU'!$B:$B,$A8,'03 VERGİ İNCELEME RAPORU'!$A:$A,"03.06*") -> 0 | H8: =COUNTIFS('03 VERGİ İNCELEME RAPORU'!$B:$B,$A8,'03 VERGİ İNCELEME RAPORU'!$A:$A,"03.08*") -> 0 | I8: =COUNTIFS('05 TAKDİRİ SEVK İŞLEMLERİ'!$B:$B,$A8,'05 TAKDİRİ SEVK İŞLEMLERİ'!$A:$A,"05.01*") -> 0 | J8: =COUNTIFS('05 TAKDİRİ SEVK İŞLEMLERİ'!$B:$B,$A8,'05 TAKDİRİ SEVK İŞLEMLERİ'!$A:$A,"05.02*") -> 1 | K8: =COUNTIFS('05 TAKDİRİ SEVK İŞLEMLERİ'!$B:$B,$A8,'05 TAKDİRİ SEVK İŞLEMLERİ'!$A:$A,"05.03*") -> 25 | L8: =COUNTIFS('05 TAKDİRİ SEVK İŞLEMLERİ'!$B:$B,$A8,'05 TAKDİRİ SEVK İŞLEMLERİ'!$A:$A,"05.04*") -> 0 | M8: =COUNTIFS('05 TAKDİRİ SEVK İŞLEMLERİ'!$B:$B,$A8,'05 TAKDİRİ SEVK İŞLEMLERİ'!$A:$A,"05.05*") -> 2 | N8: =COUNTIFS('06 VERGİ CEZA İHBARNAMELERİ'!$B:$B,$A8,'06 VERGİ CEZA İHBARNAMELERİ'!$A:$A,"06.01*") -> 1 | O8: =COUNTIFS('06 VERGİ CEZA İHBARNAMELERİ'!$B:$B,$A8,'06 VERGİ CEZA İHBARNAMELERİ'!$A:$A,"06.02*") -> 9 | P8: =COUNTIFS('06 VERGİ CEZA İHBARNAMELERİ'!$B:$B,$A8,'06 VERGİ CEZA İHBARNAMELERİ'!$A:$A,"06.03*") -> 8 | Q8: =COUNTIFS('06 VERGİ CEZA İHBARNAMELERİ'!$B:$B,$A8,'06 VERGİ CEZA İHBARNAMELERİ'!$A:$A,"06.04*") -> 1 | R8: =COUNTIFS('06 VERGİ CEZA İHBARNAMELERİ'!$B:$B,$A8,'06 VERGİ CEZA İHBARNAMELERİ'!$A:$A,"06.05*") -> 7 | S8: =COUNTIFS('08 SÜREKSİZ YÜKÜMLÜLÜKLER'!$B:$B,$A8,'08 SÜREKSİZ YÜKÜMLÜLÜKLER'!$A:$A,"08.04*") -> 0 | T8: =COUNTIFS('09 KANUNİ SÜRESİNDEN SONRA VERİ'!$B:$B,$A8,'09 KANUNİ SÜRESİNDEN SONRA VERİ'!$A:$A,"09.01*") -> 0 | U8: =COUNTIFS('09 KANUNİ SÜRESİNDEN SONRA VERİ'!$B:$B,$A8,'09 KANUNİ SÜRESİNDEN SONRA VERİ'!$A:$A,"09.02*") -> 0 | V8: =COUNTIFS('09 KANUNİ SÜRESİNDEN SONRA VERİ'!$B:$B,$A8,'09 KANUNİ SÜRESİNDEN SONRA VERİ'!$A:$A,"09.03*") -> 1 | W8: =COUNTIFS('09 KANUNİ SÜRESİNDEN SONRA VERİ'!$B:$B,$A8,'09 KANUNİ SÜRESİNDEN SONRA VERİ'!$A:$A,"09.04*") -> 1 | X8: =COUNTIFS('09 KANUNİ SÜRESİNDEN SONRA VERİ'!$B:$B,$A8,'09 KANUNİ SÜRESİNDEN SONRA VERİ'!$A:$A,"09.05*") -> 2 | Y8: =SUM(B8:X8) -> 109
A9: Resul MEYDAN | B9: =COUNTIFS('03 VERGİ İNCELEME RAPORU'!$B:$B,$A9,'03 VERGİ İNCELEME RAPORU'!$A:$A,"03.01*") -> 1 | C9: =COUNTIFS('03 VERGİ İNCELEME RAPORU'!$B:$B,$A9,'03 VERGİ İNCELEME RAPORU'!$A:$A,"03.02*") -> 0 | D9: =COUNTIFS('03 VERGİ İNCELEME RAPORU'!$B:$B,$A9,'03 VERGİ İNCELEME RAPORU'!$A:$A,"03.03*") -> 0 | E9: =COUNTIFS('03 VERGİ İNCELEME RAPORU'!$B:$B,$A9,'03 VERGİ İNCELEME RAPORU'!$A:$A,"03.04*") -> 0 | F9: =COUNTIFS('03 VERGİ İNCELEME RAPORU'!$B:$B,$A9,'03 VERGİ İNCELEME RAPORU'!$A:$A,"03.05*") -> 20 | G9: =COUNTIFS('03 VERGİ İNCELEME RAPORU'!$B:$B,$A9,'03 VERGİ İNCELEME RAPORU'!$A:$A,"03.06*") -> 0 | H9: =COUNTIFS('03 VERGİ İNCELEME RAPORU'!$B:$B,$A9,'03 VERGİ İNCELEME RAPORU'!$A:$A,"03.08*") -> 1 | I9: =COUNTIFS('05 TAKDİRİ SEVK İŞLEMLERİ'!$B:$B,$A9,'05 TAKDİRİ SEVK İŞLEMLERİ'!$A:$A,"05.01*") -> 0 | J9: =COUNTIFS('05 TAKDİRİ SEVK İŞLEMLERİ'!$B:$B,$A9,'05 TAKDİRİ SEVK İŞLEMLERİ'!$A:$A,"05.02*") -> 6 | K9: =COUNTIFS('05 TAKDİRİ SEVK İŞLEMLERİ'!$B:$B,$A9,'05 TAKDİRİ SEVK İŞLEMLERİ'!$A:$A,"05.03*") -> 12 | L9: =COUNTIFS('05 TAKDİRİ SEVK İŞLEMLERİ'!$B:$B,$A9,'05 TAKDİRİ SEVK İŞLEMLERİ'!$A:$A,"05.04*") -> 0 | M9: =COUNTIFS('05 TAKDİRİ SEVK İŞLEMLERİ'!$B:$B,$A9,'05 TAKDİRİ SEVK İŞLEMLERİ'!$A:$A,"05.05*") -> 1 | N9: =COUNTIFS('06 VERGİ CEZA İHBARNAMELERİ'!$B:$B,$A9,'06 VERGİ CEZA İHBARNAMELERİ'!$A:$A,"06.01*") -> 2 | O9: =COUNTIFS('06 VERGİ CEZA İHBARNAMELERİ'!$B:$B,$A9,'06 VERGİ CEZA İHBARNAMELERİ'!$A:$A,"06.02*") -> 2 | P9: =COUNTIFS('06 VERGİ CEZA İHBARNAMELERİ'!$B:$B,$A9,'06 VERGİ CEZA İHBARNAMELERİ'!$A:$A,"06.03*") -> 10 | Q9: =COUNTIFS('06 VERGİ CEZA İHBARNAMELERİ'!$B:$B,$A9,'06 VERGİ CEZA İHBARNAMELERİ'!$A:$A,"06.04*") -> 13 | R9: =COUNTIFS('06 VERGİ CEZA İHBARNAMELERİ'!$B:$B,$A9,'06 VERGİ CEZA İHBARNAMELERİ'!$A:$A,"06.05*") -> 2 | S9: =COUNTIFS('08 SÜREKSİZ YÜKÜMLÜLÜKLER'!$B:$B,$A9,'08 SÜREKSİZ YÜKÜMLÜLÜKLER'!$A:$A,"08.04*") -> 0 | T9: =COUNTIFS('09 KANUNİ SÜRESİNDEN SONRA VERİ'!$B:$B,$A9,'09 KANUNİ SÜRESİNDEN SONRA VERİ'!$A:$A,"09.01*") -> 1 | U9: =COUNTIFS('09 KANUNİ SÜRESİNDEN SONRA VERİ'!$B:$B,$A9,'09 KANUNİ SÜRESİNDEN SONRA VERİ'!$A:$A,"09.02*") -> 1 | V9: =COUNTIFS('09 KANUNİ SÜRESİNDEN SONRA VERİ'!$B:$B,$A9,'09 KANUNİ SÜRESİNDEN SONRA VERİ'!$A:$A,"09.03*") -> 0 | W9: =COUNTIFS('09 KANUNİ SÜRESİNDEN SONRA VERİ'!$B:$B,$A9,'09 KANUNİ SÜRESİNDEN SONRA VERİ'!$A:$A,"09.04*") -> 3 | X9: =COUNTIFS('09 KANUNİ SÜRESİNDEN SONRA VERİ'!$B:$B,$A9,'09 KANUNİ SÜRESİNDEN SONRA VERİ'!$A:$A,"09.05*") -> 2 | Y9: =SUM(B9:X9) -> 77
A10: Nuran KARAKAYA | B10: =COUNTIFS('03 VERGİ İNCELEME RAPORU'!$B:$B,$A10,'03 VERGİ İNCELEME RAPORU'!$A:$A,"03.01*") -> 0 | C10: =COUNTIFS('03 VERGİ İNCELEME RAPORU'!$B:$B,$A10,'03 VERGİ İNCELEME RAPORU'!$A:$A,"03.02*") -> 0 | D10: =COUNTIFS('03 VERGİ İNCELEME RAPORU'!$B:$B,$A10,'03 VERGİ İNCELEME RAPORU'!$A:$A,"03.03*") -> 0 | E10: =COUNTIFS('03 VERGİ İNCELEME RAPORU'!$B:$B,$A10,'03 VERGİ İNCELEME RAPORU'!$A:$A,"03.04*") -> 0 | F10: =COUNTIFS('03 VERGİ İNCELEME RAPORU'!$B:$B,$A10,'03 VERGİ İNCELEME RAPORU'!$A:$A,"03.05*") -> 9 | G10: =COUNTIFS('03 VERGİ İNCELEME RAPORU'!$B:$B,$A10,'03 VERGİ İNCELEME RAPORU'!$A:$A,"03.06*") -> 0 | H10: =COUNTIFS('03 VERGİ İNCELEME RAPORU'!$B:$B,$A10,'03 VERGİ İNCELEME RAPORU'!$A:$A,"03.08*") -> 0 | I10: =COUNTIFS('05 TAKDİRİ SEVK İŞLEMLERİ'!$B:$B,$A10,'05 TAKDİRİ SEVK İŞLEMLERİ'!$A:$A,"05.01*") -> 0 | J10: =COUNTIFS('05 TAKDİRİ SEVK İŞLEMLERİ'!$B:$B,$A10,'05 TAKDİRİ SEVK İŞLEMLERİ'!$A:$A,"05.02*") -> 6 | K10: =COUNTIFS('05 TAKDİRİ SEVK İŞLEMLERİ'!$B:$B,$A10,'05 TAKDİRİ SEVK İŞLEMLERİ'!$A:$A,"05.03*") -> 3 | L10: =COUNTIFS('05 TAKDİRİ SEVK İŞLEMLERİ'!$B:$B,$A10,'05 TAKDİRİ SEVK İŞLEMLERİ'!$A:$A,"05.04*") -> 0 | M10: =COUNTIFS('05 TAKDİRİ SEVK İŞLEMLERİ'!$B:$B,$A10,'05 TAKDİRİ SEVK İŞLEMLERİ'!$A:$A,"05.05*") -> 2 | N10: =COUNTIFS('06 VERGİ CEZA İHBARNAMELERİ'!$B:$B,$A10,'06 VERGİ CEZA İHBARNAMELERİ'!$A:$A,"06.01*") -> 1 | O10: =COUNTIFS('06 VERGİ CEZA İHBARNAMELERİ'!$B:$B,$A10,'06 VERGİ CEZA İHBARNAMELERİ'!$A:$A,"06.02*") -> 4 | P10: =COUNTIFS('06 VERGİ CEZA İHBARNAMELERİ'!$B:$B,$A10,'06 VERGİ CEZA İHBARNAMELERİ'!$A:$A,"06.03*") -> 35 | Q10: =COUNTIFS('06 VERGİ CEZA İHBARNAMELERİ'!$B:$B,$A10,'06 VERGİ CEZA İHBARNAMELERİ'!$A:$A,"06.04*") -> 3 | R10: =COUNTIFS('06 VERGİ CEZA İHBARNAMELERİ'!$B:$B,$A10,'06 VERGİ CEZA İHBARNAMELERİ'!$A:$A,"06.05*") -> 3 | S10: =COUNTIFS('08 SÜREKSİZ YÜKÜMLÜLÜKLER'!$B:$B,$A10,'08 SÜREKSİZ YÜKÜMLÜLÜKLER'!$A:$A,"08.04*") -> 0 | T10: =COUNTIFS('09 KANUNİ SÜRESİNDEN SONRA VERİ'!$B:$B,$A10,'09 KANUNİ SÜRESİNDEN SONRA VERİ'!$A:$A,"09.01*") -> 0 | U10: =COUNTIFS('09 KANUNİ SÜRESİNDEN SONRA VERİ'!$B:$B,$A10,'09 KANUNİ SÜRESİNDEN SONRA VERİ'!$A:$A,"09.02*") -> 3 | V10: =COUNTIFS('09 KANUNİ SÜRESİNDEN SONRA VERİ'!$B:$B,$A10,'09 KANUNİ SÜRESİNDEN SONRA VERİ'!$A:$A,"09.03*") -> 0 | W10: =COUNTIFS('09 KANUNİ SÜRESİNDEN SONRA VERİ'!$B:$B,$A10,'09 KANUNİ SÜRESİNDEN SONRA VERİ'!$A:$A,"09.04*") -> 4 | X10: =COUNTIFS('09 KANUNİ SÜRESİNDEN SONRA VERİ'!$B:$B,$A10,'09 KANUNİ SÜRESİNDEN SONRA VERİ'!$A:$A,"09.05*") -> 0 | Y10: =SUM(B10:X10) -> 73
A11: Nur Berru YENİÇERİ | B11: =COUNTIFS('03 VERGİ İNCELEME RAPORU'!$B:$B,$A11,'03 VERGİ İNCELEME RAPORU'!$A:$A,"03.01*") -> 0 | C11: =COUNTIFS('03 VERGİ İNCELEME RAPORU'!$B:$B,$A11,'03 VERGİ İNCELEME RAPORU'!$A:$A,"03.02*") -> 0 | D11: =COUNTIFS('03 VERGİ İNCELEME RAPORU'!$B:$B,$A11,'03 VERGİ İNCELEME RAPORU'!$A:$A,"03.03*") -> 0 | E11: =COUNTIFS('03 VERGİ İNCELEME RAPORU'!$B:$B,$A11,'03 VERGİ İNCELEME RAPORU'!$A:$A,"03.04*") -> 0 | F11: =COUNTIFS('03 VERGİ İNCELEME RAPORU'!$B:$B,$A11,'03 VERGİ İNCELEME RAPORU'!$A:$A,"03.05*") -> 0 | G11: =COUNTIFS('03 VERGİ İNCELEME RAPORU'!$B:$B,$A11,'03 VERGİ İNCELEME RAPORU'!$A:$A,"03.06*") -> 0 | H11: =COUNTIFS('03 VERGİ İNCELEME RAPORU'!$B:$B,$A11,'03 VERGİ İNCELEME RAPORU'!$A:$A,"03.08*") -> 0 | I11: =COUNTIFS('05 TAKDİRİ SEVK İŞLEMLERİ'!$B:$B,$A11,'05 TAKDİRİ SEVK İŞLEMLERİ'!$A:$A,"05.01*") -> 0 | J11: =COUNTIFS('05 TAKDİRİ SEVK İŞLEMLERİ'!$B:$B,$A11,'05 TAKDİRİ SEVK İŞLEMLERİ'!$A:$A,"05.02*") -> 1 | K11: =COUNTIFS('05 TAKDİRİ SEVK İŞLEMLERİ'!$B:$B,$A11,'05 TAKDİRİ SEVK İŞLEMLERİ'!$A:$A,"05.03*") -> 0 | L11: =COUNTIFS('05 TAKDİRİ SEVK İŞLEMLERİ'!$B:$B,$A11,'05 TAKDİRİ SEVK İŞLEMLERİ'!$A:$A,"05.04*") -> 0 | M11: =COUNTIFS('05 TAKDİRİ SEVK İŞLEMLERİ'!$B:$B,$A11,'05 TAKDİRİ SEVK İŞLEMLERİ'!$A:$A,"05.05*") -> 1 | N11: =COUNTIFS('06 VERGİ CEZA İHBARNAMELERİ'!$B:$B,$A11,'06 VERGİ CEZA İHBARNAMELERİ'!$A:$A,"06.01*") -> 0 | O11: =COUNTIFS('06 VERGİ CEZA İHBARNAMELERİ'!$B:$B,$A11,'06 VERGİ CEZA İHBARNAMELERİ'!$A:$A,"06.02*") -> 10 | P11: =COUNTIFS('06 VERGİ CEZA İHBARNAMELERİ'!$B:$B,$A11,'06 VERGİ CEZA İHBARNAMELERİ'!$A:$A,"06.03*") -> 17 | Q11: =COUNTIFS('06 VERGİ CEZA İHBARNAMELERİ'!$B:$B,$A11,'06 VERGİ CEZA İHBARNAMELERİ'!$A:$A,"06.04*") -> 0 | R11: =COUNTIFS('06 VERGİ CEZA İHBARNAMELERİ'!$B:$B,$A11,'06 VERGİ CEZA İHBARNAMELERİ'!$A:$A,"06.05*") -> 2 | S11: =COUNTIFS('08 SÜREKSİZ YÜKÜMLÜLÜKLER'!$B:$B,$A11,'08 SÜREKSİZ YÜKÜMLÜLÜKLER'!$A:$A,"08.04*") -> 0 | T11: =COUNTIFS('09 KANUNİ SÜRESİNDEN SONRA VERİ'!$B:$B,$A11,'09 KANUNİ SÜRESİNDEN SONRA VERİ'!$A:$A,"09.01*") -> 0 | U11: =COUNTIFS('09 KANUNİ SÜRESİNDEN SONRA VERİ'!$B:$B,$A11,'09 KANUNİ SÜRESİNDEN SONRA VERİ'!$A:$A,"09.02*") -> 0 | V11: =COUNTIFS('09 KANUNİ SÜRESİNDEN SONRA VERİ'!$B:$B,$A11,'09 KANUNİ SÜRESİNDEN SONRA VERİ'!$A:$A,"09.03*") -> 0 | W11: =COUNTIFS('09 KANUNİ SÜRESİNDEN SONRA VERİ'!$B:$B,$A11,'09 KANUNİ SÜRESİNDEN SONRA VERİ'!$A:$A,"09.04*") -> 2 | X11: =COUNTIFS('09 KANUNİ SÜRESİNDEN SONRA VERİ'!$B:$B,$A11,'09 KANUNİ SÜRESİNDEN SONRA VERİ'!$A:$A,"09.05*") -> 2 | Y11: =SUM(B11:X11) -> 35
A12: Canan YILDIZOĞLU | B12: =COUNTIFS('03 VERGİ İNCELEME RAPORU'!$B:$B,$A12,'03 VERGİ İNCELEME RAPORU'!$A:$A,"03.01*") -> 0 | C12: =COUNTIFS('03 VERGİ İNCELEME RAPORU'!$B:$B,$A12,'03 VERGİ İNCELEME RAPORU'!$A:$A,"03.02*") -> 0 | D12: =COUNTIFS('03 VERGİ İNCELEME RAPORU'!$B:$B,$A12,'03 VERGİ İNCELEME RAPORU'!$A:$A,"03.03*") -> 0 | E12: =COUNTIFS('03 VERGİ İNCELEME RAPORU'!$B:$B,$A12,'03 VERGİ İNCELEME RAPORU'!$A:$A,"03.04*") -> 0 | F12: =COUNTIFS('03 VERGİ İNCELEME RAPORU'!$B:$B,$A12,'03 VERGİ İNCELEME RAPORU'!$A:$A,"03.05*") -> 6 | G12: =COUNTIFS('03 VERGİ İNCELEME RAPORU'!$B:$B,$A12,'03 VERGİ İNCELEME RAPORU'!$A:$A,"03.06*") -> 0 | H12: =COUNTIFS('03 VERGİ İNCELEME RAPORU'!$B:$B,$A12,'03 VERGİ İNCELEME RAPORU'!$A:$A,"03.08*") -> 0 | I12: =COUNTIFS('05 TAKDİRİ SEVK İŞLEMLERİ'!$B:$B,$A12,'05 TAKDİRİ SEVK İŞLEMLERİ'!$A:$A,"05.01*") -> 0 | J12: =COUNTIFS('05 TAKDİRİ SEVK İŞLEMLERİ'!$B:$B,$A12,'05 TAKDİRİ SEVK İŞLEMLERİ'!$A:$A,"05.02*") -> 1 | K12: =COUNTIFS('05 TAKDİRİ SEVK İŞLEMLERİ'!$B:$B,$A12,'05 TAKDİRİ SEVK İŞLEMLERİ'!$A:$A,"05.03*") -> 0 | L12: =COUNTIFS('05 TAKDİRİ SEVK İŞLEMLERİ'!$B:$B,$A12,'05 TAKDİRİ SEVK İŞLEMLERİ'!$A:$A,"05.04*") -> 0 | M12: =COUNTIFS('05 TAKDİRİ SEVK İŞLEMLERİ'!$B:$B,$A12,'05 TAKDİRİ SEVK İŞLEMLERİ'!$A:$A,"05.05*") -> 1 | N12: =COUNTIFS('06 VERGİ CEZA İHBARNAMELERİ'!$B:$B,$A12,'06 VERGİ CEZA İHBARNAMELERİ'!$A:$A,"06.01*") -> 1 | O12: =COUNTIFS('06 VERGİ CEZA İHBARNAMELERİ'!$B:$B,$A12,'06 VERGİ CEZA İHBARNAMELERİ'!$A:$A,"06.02*") -> 6 | P12: =COUNTIFS('06 VERGİ CEZA İHBARNAMELERİ'!$B:$B,$A12,'06 VERGİ CEZA İHBARNAMELERİ'!$A:$A,"06.03*") -> 2 | Q12: =COUNTIFS('06 VERGİ CEZA İHBARNAMELERİ'!$B:$B,$A12,'06 VERGİ CEZA İHBARNAMELERİ'!$A:$A,"06.04*") -> 14 | R12: =COUNTIFS('06 VERGİ CEZA İHBARNAMELERİ'!$B:$B,$A12,'06 VERGİ CEZA İHBARNAMELERİ'!$A:$A,"06.05*") -> 6 | S12: =COUNTIFS('08 SÜREKSİZ YÜKÜMLÜLÜKLER'!$B:$B,$A12,'08 SÜREKSİZ YÜKÜMLÜLÜKLER'!$A:$A,"08.04*") -> 5 | T12: =COUNTIFS('09 KANUNİ SÜRESİNDEN SONRA VERİ'!$B:$B,$A12,'09 KANUNİ SÜRESİNDEN SONRA VERİ'!$A:$A,"09.01*") -> 0 | U12: =COUNTIFS('09 KANUNİ SÜRESİNDEN SONRA VERİ'!$B:$B,$A12,'09 KANUNİ SÜRESİNDEN SONRA VERİ'!$A:$A,"09.02*") -> 0 | V12: =COUNTIFS('09 KANUNİ SÜRESİNDEN SONRA VERİ'!$B:$B,$A12,'09 KANUNİ SÜRESİNDEN SONRA VERİ'!$A:$A,"09.03*") -> 0 | W12: =COUNTIFS('09 KANUNİ SÜRESİNDEN SONRA VERİ'!$B:$B,$A12,'09 KANUNİ SÜRESİNDEN SONRA VERİ'!$A:$A,"09.04*") -> 2 | X12: =COUNTIFS('09 KANUNİ SÜRESİNDEN SONRA VERİ'!$B:$B,$A12,'09 KANUNİ SÜRESİNDEN SONRA VERİ'!$A:$A,"09.05*") -> 3 | Y12: =SUM(B12:X12) -> 47
A13: Ali BEŞTAŞ | B13: =COUNTIFS('03 VERGİ İNCELEME RAPORU'!$B:$B,$A13,'03 VERGİ İNCELEME RAPORU'!$A:$A,"03.01*") -> 0 | C13: =COUNTIFS('03 VERGİ İNCELEME RAPORU'!$B:$B,$A13,'03 VERGİ İNCELEME RAPORU'!$A:$A,"03.02*") -> 0 | D13: =COUNTIFS('03 VERGİ İNCELEME RAPORU'!$B:$B,$A13,'03 VERGİ İNCELEME RAPORU'!$A:$A,"03.03*") -> 0 | E13: =COUNTIFS('03 VERGİ İNCELEME RAPORU'!$B:$B,$A13,'03 VERGİ İNCELEME RAPORU'!$A:$A,"03.04*") -> 1 | F13: =COUNTIFS('03 VERGİ İNCELEME RAPORU'!$B:$B,$A13,'03 VERGİ İNCELEME RAPORU'!$A:$A,"03.05*") -> 2 | G13: =COUNTIFS('03 VERGİ İNCELEME RAPORU'!$B:$B,$A13,'03 VERGİ İNCELEME RAPORU'!$A:$A,"03.06*") -> 0 | H13: =COUNTIFS('03 VERGİ İNCELEME RAPORU'!$B:$B,$A13,'03 VERGİ İNCELEME RAPORU'!$A:$A,"03.08*") -> 0 | I13: =COUNTIFS('05 TAKDİRİ SEVK İŞLEMLERİ'!$B:$B,$A13,'05 TAKDİRİ SEVK İŞLEMLERİ'!$A:$A,"05.01*") -> 0 | J13: =COUNTIFS('05 TAKDİRİ SEVK İŞLEMLERİ'!$B:$B,$A13,'05 TAKDİRİ SEVK İŞLEMLERİ'!$A:$A,"05.02*") -> 3 | K13: =COUNTIFS('05 TAKDİRİ SEVK İŞLEMLERİ'!$B:$B,$A13,'05 TAKDİRİ SEVK İŞLEMLERİ'!$A:$A,"05.03*") -> 12 | L13: =COUNTIFS('05 TAKDİRİ SEVK İŞLEMLERİ'!$B:$B,$A13,'05 TAKDİRİ SEVK İŞLEMLERİ'!$A:$A,"05.04*") -> 11 | M13: =COUNTIFS('05 TAKDİRİ SEVK İŞLEMLERİ'!$B:$B,$A13,'05 TAKDİRİ SEVK İŞLEMLERİ'!$A:$A,"05.05*") -> 0 | N13: =COUNTIFS('06 VERGİ CEZA İHBARNAMELERİ'!$B:$B,$A13,'06 VERGİ CEZA İHBARNAMELERİ'!$A:$A,"06.01*") -> 115 | O13: =COUNTIFS('06 VERGİ CEZA İHBARNAMELERİ'!$B:$B,$A13,'06 VERGİ CEZA İHBARNAMELERİ'!$A:$A,"06.02*") -> 11 | P13: =COUNTIFS('06 VERGİ CEZA İHBARNAMELERİ'!$B:$B,$A13,'06 VERGİ CEZA İHBARNAMELERİ'!$A:$A,"06.03*") -> 0 | Q13: =COUNTIFS('06 VERGİ CEZA İHBARNAMELERİ'!$B:$B,$A13,'06 VERGİ CEZA İHBARNAMELERİ'!$A:$A,"06.04*") -> 31 | R13: =COUNTIFS('06 VERGİ CEZA İHBARNAMELERİ'!$B:$B,$A13,'06 VERGİ CEZA İHBARNAMELERİ'!$A:$A,"06.05*") -> 2 | S13: =COUNTIFS('08 SÜREKSİZ YÜKÜMLÜLÜKLER'!$B:$B,$A13,'08 SÜREKSİZ YÜKÜMLÜLÜKLER'!$A:$A,"08.04*") -> 0 | T13: =COUNTIFS('09 KANUNİ SÜRESİNDEN SONRA VERİ'!$B:$B,$A13,'09 KANUNİ SÜRESİNDEN SONRA VERİ'!$A:$A,"09.01*") -> 0 | U13: =COUNTIFS('09 KANUNİ SÜRESİNDEN SONRA VERİ'!$B:$B,$A13,'09 KANUNİ SÜRESİNDEN SONRA VERİ'!$A:$A,"09.02*") -> 0 | V13: =COUNTIFS('09 KANUNİ SÜRESİNDEN SONRA VERİ'!$B:$B,$A13,'09 KANUNİ SÜRESİNDEN SONRA VERİ'!$A:$A,"09.03*") -> 0 | W13: =COUNTIFS('09 KANUNİ SÜRESİNDEN SONRA VERİ'!$B:$B,$A13,'09 KANUNİ SÜRESİNDEN SONRA VERİ'!$A:$A,"09.04*") -> 0 | X13: =COUNTIFS('09 KANUNİ SÜRESİNDEN SONRA VERİ'!$B:$B,$A13,'09 KANUNİ SÜRESİNDEN SONRA VERİ'!$A:$A,"09.05*") -> 1 | Y13: =SUM(B13:X13) -> 189
A14: Hikmet ŞAHİN | B14: =COUNTIFS('03 VERGİ İNCELEME RAPORU'!$B:$B,$A14,'03 VERGİ İNCELEME RAPORU'!$A:$A,"03.01*") -> 1 | C14: =COUNTIFS('03 VERGİ İNCELEME RAPORU'!$B:$B,$A14,'03 VERGİ İNCELEME RAPORU'!$A:$A,"03.02*") -> 0 | D14: =COUNTIFS('03 VERGİ İNCELEME RAPORU'!$B:$B,$A14,'03 VERGİ İNCELEME RAPORU'!$A:$A,"03.03*") -> 0 | E14: =COUNTIFS('03 VERGİ İNCELEME RAPORU'!$B:$B,$A14,'03 VERGİ İNCELEME RAPORU'!$A:$A,"03.04*") -> 0 | F14: =COUNTIFS('03 VERGİ İNCELEME RAPORU'!$B:$B,$A14,'03 VERGİ İNCELEME RAPORU'!$A:$A,"03.05*") -> 10 | G14: =COUNTIFS('03 VERGİ İNCELEME RAPORU'!$B:$B,$A14,'03 VERGİ İNCELEME RAPORU'!$A:$A,"03.06*") -> 1 | H14: =COUNTIFS('03 VERGİ İNCELEME RAPORU'!$B:$B,$A14,'03 VERGİ İNCELEME RAPORU'!$A:$A,"03.08*") -> 0 | I14: =COUNTIFS('05 TAKDİRİ SEVK İŞLEMLERİ'!$B:$B,$A14,'05 TAKDİRİ SEVK İŞLEMLERİ'!$A:$A,"05.01*") -> 1 | J14: =COUNTIFS('05 TAKDİRİ SEVK İŞLEMLERİ'!$B:$B,$A14,'05 TAKDİRİ SEVK İŞLEMLERİ'!$A:$A,"05.02*") -> 1 | K14: =COUNTIFS('05 TAKDİRİ SEVK İŞLEMLERİ'!$B:$B,$A14,'05 TAKDİRİ SEVK İŞLEMLERİ'!$A:$A,"05.03*") -> 4 | L14: =COUNTIFS('05 TAKDİRİ SEVK İŞLEMLERİ'!$B:$B,$A14,'05 TAKDİRİ SEVK İŞLEMLERİ'!$A:$A,"05.04*") -> 3 | M14: =COUNTIFS('05 TAKDİRİ SEVK İŞLEMLERİ'!$B:$B,$A14,'05 TAKDİRİ SEVK İŞLEMLERİ'!$A:$A,"05.05*") -> 0 | N14: =COUNTIFS('06 VERGİ CEZA İHBARNAMELERİ'!$B:$B,$A14,'06 VERGİ CEZA İHBARNAMELERİ'!$A:$A,"06.01*") -> 5 | O14: =COUNTIFS('06 VERGİ CEZA İHBARNAMELERİ'!$B:$B,$A14,'06 VERGİ CEZA İHBARNAMELERİ'!$A:$A,"06.02*") -> 14 | P14: =COUNTIFS('06 VERGİ CEZA İHBARNAMELERİ'!$B:$B,$A14,'06 VERGİ CEZA İHBARNAMELERİ'!$A:$A,"06.03*") -> 5 | Q14: =COUNTIFS('06 VERGİ CEZA İHBARNAMELERİ'!$B:$B,$A14,'06 VERGİ CEZA İHBARNAMELERİ'!$A:$A,"06.04*") -> 47 | R14: =COUNTIFS('06 VERGİ CEZA İHBARNAMELERİ'!$B:$B,$A14,'06 VERGİ CEZA İHBARNAMELERİ'!$A:$A,"06.05*") -> 2 | S14: =COUNTIFS('08 SÜREKSİZ YÜKÜMLÜLÜKLER'!$B:$B,$A14,'08 SÜREKSİZ YÜKÜMLÜLÜKLER'!$A:$A,"08.04*") -> 7 | T14: =COUNTIFS('09 KANUNİ SÜRESİNDEN SONRA VERİ'!$B:$B,$A14,'09 KANUNİ SÜRESİNDEN SONRA VERİ'!$A:$A,"09.01*") -> 3 | U14: =COUNTIFS('09 KANUNİ SÜRESİNDEN SONRA VERİ'!$B:$B,$A14,'09 KANUNİ SÜRESİNDEN SONRA VERİ'!$A:$A,"09.02*") -> 3 | V14: =COUNTIFS('09 KANUNİ SÜRESİNDEN SONRA VERİ'!$B:$B,$A14,'09 KANUNİ SÜRESİNDEN SONRA VERİ'!$A:$A,"09.03*") -> 0 | W14: =COUNTIFS('09 KANUNİ SÜRESİNDEN SONRA VERİ'!$B:$B,$A14,'09 KANUNİ SÜRESİNDEN SONRA VERİ'!$A:$A,"09.04*") -> 2 | X14: =COUNTIFS('09 KANUNİ SÜRESİNDEN SONRA VERİ'!$B:$B,$A14,'09 KANUNİ SÜRESİNDEN SONRA VERİ'!$A:$A,"09.05*") -> 2 | Y14: =SUM(B14:X14) -> 111
A15: Ömer DÜNDAR | B15: =COUNTIFS('03 VERGİ İNCELEME RAPORU'!$B:$B,$A15,'03 VERGİ İNCELEME RAPORU'!$A:$A,"03.01*") -> 0 | C15: =COUNTIFS('03 VERGİ İNCELEME RAPORU'!$B:$B,$A15,'03 VERGİ İNCELEME RAPORU'!$A:$A,"03.02*") -> 0 | D15: =COUNTIFS('03 VERGİ İNCELEME RAPORU'!$B:$B,$A15,'03 VERGİ İNCELEME RAPORU'!$A:$A,"03.03*") -> 14 | E15: =COUNTIFS('03 VERGİ İNCELEME RAPORU'!$B:$B,$A15,'03 VERGİ İNCELEME RAPORU'!$A:$A,"03.04*") -> 0 | F15: =COUNTIFS('03 VERGİ İNCELEME RAPORU'!$B:$B,$A15,'03 VERGİ İNCELEME RAPORU'!$A:$A,"03.05*") -> 0 | G15: =COUNTIFS('03 VERGİ İNCELEME RAPORU'!$B:$B,$A15,'03 VERGİ İNCELEME RAPORU'!$A:$A,"03.06*") -> 0 | H15: =COUNTIFS('03 VERGİ İNCELEME RAPORU'!$B:$B,$A15,'03 VERGİ İNCELEME RAPORU'!$A:$A,"03.08*") -> 0 | I15: =COUNTIFS('05 TAKDİRİ SEVK İŞLEMLERİ'!$B:$B,$A15,'05 TAKDİRİ SEVK İŞLEMLERİ'!$A:$A,"05.01*") -> 3 | J15: =COUNTIFS('05 TAKDİRİ SEVK İŞLEMLERİ'!$B:$B,$A15,'05 TAKDİRİ SEVK İŞLEMLERİ'!$A:$A,"05.02*") -> 0 | K15: =COUNTIFS('05 TAKDİRİ SEVK İŞLEMLERİ'!$B:$B,$A15,'05 TAKDİRİ SEVK İŞLEMLERİ'!$A:$A,"05.03*") -> 1 | L15: =COUNTIFS('05 TAKDİRİ SEVK İŞLEMLERİ'!$B:$B,$A15,'05 TAKDİRİ SEVK İŞLEMLERİ'!$A:$A,"05.04*") -> 2 | M15: =COUNTIFS('05 TAKDİRİ SEVK İŞLEMLERİ'!$B:$B,$A15,'05 TAKDİRİ SEVK İŞLEMLERİ'!$A:$A,"05.05*") -> 0 | N15: =COUNTIFS('06 VERGİ CEZA İHBARNAMELERİ'!$B:$B,$A15,'06 VERGİ CEZA İHBARNAMELERİ'!$A:$A,"06.01*") -> 10 | O15: =COUNTIFS('06 VERGİ CEZA İHBARNAMELERİ'!$B:$B,$A15,'06 VERGİ CEZA İHBARNAMELERİ'!$A:$A,"06.02*") -> 20 | P15: =COUNTIFS('06 VERGİ CEZA İHBARNAMELERİ'!$B:$B,$A15,'06 VERGİ CEZA İHBARNAMELERİ'!$A:$A,"06.03*") -> 2 | Q15: =COUNTIFS('06 VERGİ CEZA İHBARNAMELERİ'!$B:$B,$A15,'06 VERGİ CEZA İHBARNAMELERİ'!$A:$A,"06.04*") -> 14 | R15: =COUNTIFS('06 VERGİ CEZA İHBARNAMELERİ'!$B:$B,$A15,'06 VERGİ CEZA İHBARNAMELERİ'!$A:$A,"06.05*") -> 4 | S15: =COUNTIFS('08 SÜREKSİZ YÜKÜMLÜLÜKLER'!$B:$B,$A15,'08 SÜREKSİZ YÜKÜMLÜLÜKLER'!$A:$A,"08.04*") -> 7 | T15: =COUNTIFS('09 KANUNİ SÜRESİNDEN SONRA VERİ'!$B:$B,$A15,'09 KANUNİ SÜRESİNDEN SONRA VERİ'!$A:$A,"09.01*") -> 0 | U15: =COUNTIFS('09 KANUNİ SÜRESİNDEN SONRA VERİ'!$B:$B,$A15,'09 KANUNİ SÜRESİNDEN SONRA VERİ'!$A:$A,"09.02*") -> 0 | V15: =COUNTIFS('09 KANUNİ SÜRESİNDEN SONRA VERİ'!$B:$B,$A15,'09 KANUNİ SÜRESİNDEN SONRA VERİ'!$A:$A,"09.03*") -> 0 | W15: =COUNTIFS('09 KANUNİ SÜRESİNDEN SONRA VERİ'!$B:$B,$A15,'09 KANUNİ SÜRESİNDEN SONRA VERİ'!$A:$A,"09.04*") -> 2 | X15: =COUNTIFS('09 KANUNİ SÜRESİNDEN SONRA VERİ'!$B:$B,$A15,'09 KANUNİ SÜRESİNDEN SONRA VERİ'!$A:$A,"09.05*") -> 3 | Y15: =SUM(B15:X15) -> 82
... A17: ARALIK DIŞI | B17: =COUNTIFS('03 VERGİ İNCELEME RAPORU'!$B:$B,$A17,'03 VERGİ İNCELEME RAPORU'!$A:$A,"03.01*") -> 0 | C17: =COUNTIFS('03 VERGİ İNCELEME RAPORU'!$B:$B,$A17,'03 VERGİ İNCELEME RAPORU'!$A:$A,"03.02*") -> 0 | D17: =COUNTIFS('03 VERGİ İNCELEME RAPORU'!$B:$B,$A17,'03 VERGİ İNCELEME RAPORU'!$A:$A,"03.03*") -> 0 | E17: =COUNTIFS('03 VERGİ İNCELEME RAPORU'!$B:$B,$A17,'03 VERGİ İNCELEME RAPORU'!$A:$A,"03.04*") -> 0 | F17: =COUNTIFS('03 VERGİ İNCELEME RAPORU'!$B:$B,$A17,'03 VERGİ İNCELEME RAPORU'!$A:$A,"03.05*") -> 0 | G17: =COUNTIFS('03 VERGİ İNCELEME RAPORU'!$B:$B,$A17,'03 VERGİ İNCELEME RAPORU'!$A:$A,"03.06*") -> 0 | H17: =COUNTIFS('03 VERGİ İNCELEME RAPORU'!$B:$B,$A17,'03 VERGİ İNCELEME RAPORU'!$A:$A,"03.08*") -> 0 | I17: =COUNTIFS('05 TAKDİRİ SEVK İŞLEMLERİ'!$B:$B,$A17,'05 TAKDİRİ SEVK İŞLEMLERİ'!$A:$A,"05.01*") -> 0 | J17: =COUNTIFS('05 TAKDİRİ SEVK İŞLEMLERİ'!$B:$B,$A17,'05 TAKDİRİ SEVK İŞLEMLERİ'!$A:$A,"05.02*") -> 0 | K17: =COUNTIFS('05 TAKDİRİ SEVK İŞLEMLERİ'!$B:$B,$A17,'05 TAKDİRİ SEVK İŞLEMLERİ'!$A:$A,"05.03*") -> 0 | L17: =COUNTIFS('05 TAKDİRİ SEVK İŞLEMLERİ'!$B:$B,$A17,'05 TAKDİRİ SEVK İŞLEMLERİ'!$A:$A,"05.04*") -> 0 | M17: =COUNTIFS('05 TAKDİRİ SEVK İŞLEMLERİ'!$B:$B,$A17,'05 TAKDİRİ SEVK İŞLEMLERİ'!$A:$A,"05.05*") -> 0 | N17: =COUNTIFS('06 VERGİ CEZA İHBARNAMELERİ'!$B:$B,$A17,'06 VERGİ CEZA İHBARNAMELERİ'!$A:$A,"06.01*") -> 0 | O17: =COUNTIFS('06 VERGİ CEZA İHBARNAMELERİ'!$B:$B,$A17,'06 VERGİ CEZA İHBARNAMELERİ'!$A:$A,"06.02*") -> 0 | P17: =COUNTIFS('06 VERGİ CEZA İHBARNAMELERİ'!$B:$B,$A17,'06 VERGİ CEZA İHBARNAMELERİ'!$A:$A,"06.03*") -> 0 | Q17: =COUNTIFS('06 VERGİ CEZA İHBARNAMELERİ'!$B:$B,$A17,'06 VERGİ CEZA İHBARNAMELERİ'!$A:$A,"06.04*") -> 0 | R17: =COUNTIFS('06 VERGİ CEZA İHBARNAMELERİ'!$B:$B,$A17,'06 VERGİ CEZA İHBARNAMELERİ'!$A:$A,"06.05*") -> 0 | S17: =COUNTIFS('08 SÜREKSİZ YÜKÜMLÜLÜKLER'!$B:$B,$A17,'08 SÜREKSİZ YÜKÜMLÜLÜKLER'!$A:$A,"08.04*") -> 0 | T17: =COUNTIFS('09 KANUNİ SÜRESİNDEN SONRA VERİ'!$B:$B,$A17,'09 KANUNİ SÜRESİNDEN SONRA VERİ'!$A:$A,"09.01*") -> 0 | U17: =COUNTIFS('09 KANUNİ SÜRESİNDEN SONRA VERİ'!$B:$B,$A17,'09 KANUNİ SÜRESİNDEN SONRA VERİ'!$A:$A,"09.02*") -> 0 | V17: =COUNTIFS('09 KANUNİ SÜRESİNDEN SONRA VERİ'!$B:$B,$A17,'09 KANUNİ SÜRESİNDEN SONRA VERİ'!$A:$A,"09.03*") -> 0 | W17: =COUNTIFS('09 KANUNİ SÜRESİNDEN SONRA VERİ'!$B:$B,$A17,'09 KANUNİ SÜRESİNDEN SONRA VERİ'!$A:$A,"09.04*") -> 0 | X17: =COUNTIFS('09 KANUNİ SÜRESİNDEN SONRA VERİ'!$B:$B,$A17,'09 KANUNİ SÜRESİNDEN SONRA VERİ'!$A:$A,"09.05*") -> 0 | Y17: =SUM(B17:X17) -> 0
A18: TOPLAM | B18: =SUM(B4:B17) -> 4 | C18: =SUM(C4:C17) -> 2 | D18: =SUM(D4:D17) -> 30 | E18: =SUM(E4:E17) -> 27 | F18: =SUM(F4:F17) -> 71 | G18: =SUM(G4:G17) -> 1 | H18: =SUM(H4:H17) -> 1 | I18: =SUM(I4:I17) -> 4 | ... Y18: =SUM(Y4:Y17) -> 997
A20: NOTLAR:
A21: • Aralıklar fotoğraftaki 'Vergilendirme' bölümü tablosundan alındı. Eşleşme sırayla ilk uyan aralığa göre yapıldı.
A22: • DİKKAT: Nuran KARAKAYA (4980000000–5959999999) ile Nur Berru YENİÇERİ (5360000000–6399999999) aralıkları 5360000000–5959999999 arasında ÇAKIŞIYOR; bu VKN'ler Nuran KARAKAYA'ya yazıldı. 5360 muhtemelen 5960 olmalı — araçta düzeltin.
A23: • Canan YILDIZOĞLU'nun bitişi 7333333333; 7333333334–7339999999 arası kimseye atanmamış (ARALIK DIŞI).
A24: • 'VKN YOK': satırda VKN alanı boş. Formüller COUNTIFS ile canlıdır; B sütunundaki sorumluyu elle değiştirirseniz özet güncellenir.

Sheet 03 VERGİ İNCELEME RAPORU
A1: AÇIKLAMA | B1: SORUMLU | C1: RAPOR KAYIT DEFTERİ NUMARASI | D1: İHBARNAME FİŞ NUMARASI | E1: RAPOR TARİHİ | F1: RAPOR SAYISI | G1: RAPOR TÜRÜ | H1: VERGİ KİMLİK NUMARASI | I1: UNVAN | J1: VERGİ KODU | K1: DÖNEM | L1: YAZI TARİHİ | M1: YAZI SAYISI | N1: VERGİ DAİRESİ KODU | O1: VERGİ DAİRESİ ADI | P1: İHBARNAME TARH EDİLEN TUTAR (USULSÜZLÜK) | Q1: RAPOR TARH ÖNERİLEN TUTAR (USULSÜZLÜK) | R1: USULSÜZLÜK FARK | S1: İHBARNAME TARH EDİLEN TUTAR (ÖZEL USULSÜZLÜK) | T1: RAPOR TARH ÖNERİLEN TUTAR(ÖZEL USULSÜZLÜK) | U1: ÖZEL USULSÜZLÜK FARK
A2: 03.08 - Vergi İnceleme Raporlarında Yer alan Usulsüzlük/Özel Usulsüzlük Tutarları ile İhbarnamelerde Yer Alan Usulsüzlük/Özel Usulsüzlük Tutarları Arasında Fark Olanlar Listesi | B2: Resul MEYDAN | C2: 2023081650QAF0000002 | D2: 2023090113QAE0000011 | E2: 02/08/2023 | F2: 2023-[2013-3-32]/14 | G2: VİR | H2: 4850713184 | I2: KACHOURA TEKSTİL KONFEKSİYON İTHALAT İHRACAT SANAYİİ VE TİCARET LİMİTED ŞİRKETİ | J2: 0015 | K2: 202112202112 | L2: 15/08/2023 | M2: 51781582-663.05[32603]-40188 | N2: 016252 | O2: YILDIRIM VERGİ DAİRESİ | P2: 240 | Q2: 240 | R2: 0 | T2: 9000 | U2: 9000
A5: AÇIKLAMA | B5: SORUMLU | C5: RAPOR KAYIT DEFTER NUMARASI | D5: VERGİ DAİRESİ KODU | E5: VERGİ DAİRESİ ADI | F5: VERGİ KİMLİK NUMARASI | G5: UNVAN | H5: VERGİ KODU | I5: DÖNEM | J5: RAPOR TARİHİ | K5: RAPOR SAYISI | L5: TOU DURUMU
A6: 03.02 - Rapor Kayıt Defterine Kaydedildiği Halde İhbarname Düzenlenmeyen Vergi İnceleme Raporları Listesi | B6: Ahmet TARANCI | C6: 2025051650QAE0000003 | D6: 016252 | E6: YILDIRIM VERGİ DAİRESİ | F6: 3341015383 | G6: EMS ÖRME KUMAŞ DOKUMA TEKSTİL SANAYİ VE TİCARET LİMİTED ŞİRKETİ | H6: 3080 | I6: 202105202105 | J6: 05/05/2025 | K6: 2025-[2014-3-703]/12 | L6: Yok
A7: 03.02 - Rapor Kayıt Defterine Kaydedildiği Halde İhbarname Düzenlenmeyen Vergi İnceleme Raporları Listesi | B7: Ahmet TARANCI | C7: 2025051650QAE0000003 | D7: 016252 | E7: YILDIRIM VERGİ DAİRESİ | F7: 3341015383 | G7: EMS ÖRME KUMAŞ DOKUMA TEKSTİL SANAYİ VE TİCARET LİMİTED ŞİRKETİ | H7: 3080 | I7: 202106202106 | J7: 05/05/2025 | K7: 2025-[2014-3-703]/12 | L7: Yok
A10: AÇIKLAMA | B10: SORUMLU | C10: İHBARNAME FİŞ NUMARASI | D10: İHBARNAME DÜZENLENME TARİHİ | E10: İHBARNAME DURUMU | F10: VERGİ DAİRESİ KODU | G10: VERGİ DAİRESİ ADI | H10: VERGİ KİMLİK NUMARASI | I10: UNVAN | J10: VERGİ KODU | K10: DÖNEM | L10: DAYANAK NUMARASI | M10: DAYANAK TÜRÜ AÇIKLAMASI
A11: 03.03 - Vergi İnceleme Raporlarına İstinaden Düzenlenen İhbarnamelerden Tarh Defterinde Geçici İhbarname Olarak Bekleyenlerin Listesi | B11: Ömer DÜNDAR | C11: 2026082613QAJ0000004 | D11: 26/08/2026 | E11: Geçici | F11: 016252 | G11: YILDIRIM VERGİ DAİRESİ | H11: 9390387080 | I11: AHMET YAŞA | J11: 0015 | K11: 202307202307 | L11: 2026082650QAK0000001 | M11: İnceleme Raporu
A12: 03.03 - Vergi İnceleme Raporlarına İstinaden Düzenlenen İhbarnamelerden Tarh Defterinde Geçici İhbarname Olarak Bekleyenlerin Listesi | B12: Ömer DÜNDAR | C12: 2026082613QAJ0000006 | D12: 26/08/2026 | E12: Geçici | F12: 016252 | G12: YILDIRIM VERGİ DAİRESİ | H12: 9390387080 | I12: AHMET YAŞA | J12: 0015 | K12: 202309202309 | L12: 2026082650QAK0000001 | M12: İnceleme Raporu
A13: 03.03 - Vergi İnceleme Raporlarına İstinaden Düzenlenen İhbarnamelerden Tarh Defterinde Geçici İhbarname Olarak Bekleyenlerin Listesi | B13: Ömer DÜNDAR | C13: 2026082613QAJ0000010 | D13: 26/08/2026 | E13: Geçici | F13: 016252 | G13: YILDIRIM VERGİ DAİRESİ | H13: 9390387080 | I13: AHMET YAŞA | J13: 0001 | K13: 202301202312 | L13: 2026082650QAK0000002 | M13: İnceleme Raporu
A14: 03.03 - Vergi İnceleme Raporlarına İstinaden Düzenlenen İhbarnamelerden Tarh Defterinde Geçici İhbarname Olarak Bekleyenlerin Listesi | B14: Ömer DÜNDAR | C14: 2026082613QAJ0000002 | D14: 26/08/2026 | E14: Geçici | F14: 016252 | G14: YILDIRIM VERGİ DAİRESİ | H14: 9390387080 | I14: AHMET YAŞA | J14: 0015 | K14: 202305202305 | L14: 2026082650QAK0000001 | M14: İnceleme Raporu
A15: 03.03 - Vergi İnceleme Raporlarına İstinaden Düzenlenen İhbarnamelerden Tarh Defterinde Geçici İhbarname Olarak Bekleyenlerin Listesi | B15: Ömer DÜNDAR | C15: 2026082613QAJ0000007 | D15: 26/08/2026 | E15: Geçici | F15: 016252 | G15: YILDIRIM VERGİ DAİRESİ | H15: 9390387080 | I15: AHMET YAŞA | J15: 0015 | K15: 202310202310 | L15: 2026082650QAK0000001 | M15: İnceleme Raporu
A16: 03.03 - Vergi İnceleme Raporlarına İstinaden Düzenlenen İhbarnamelerden Tarh Defterinde Geçici İhbarname Olarak Bekleyenlerin Listesi | B16: Ömer DÜNDAR | C16: 2026082613QAJ0000011 | D16: 26/08/2026 | E16: Geçici | F16: 016252 | G16: YILDIRIM VERGİ DAİRESİ | H16: 9390387080 | I16: AHMET YAŞA | J16: 0032 | K16: 202304202306 | L16: 2026082650QAK0000003 | M16: İnceleme Raporu
A17: 03.03 - Vergi İnceleme Raporlarına İstinaden Düzenlenen İhbarnamelerden Tarh Defterinde Geçici İhbarname Olarak Bekleyenlerin Listesi | B17: Ömer DÜNDAR | C17: 2026082613QAJ0000005 | D17: 26/08/2026 | E17: Geçici | F17: 016252 | G17: YILDIRIM VERGİ DAİRESİ | H17: 9390387080 | I17: AHMET YAŞA | J17: 0015 | K17: 202308202308 | L17: 2026082650QAK0000001 | M17: İnceleme Raporu
A18: 03.03 - Vergi İnceleme Raporlarına İstinaden Düzenlenen İhbarnamelerden Tarh Defterinde Geçici İhbarname Olarak Bekleyenlerin Listesi | B18: Ömer DÜNDAR | C18: 2026082613QAJ0000013 | D18: 26/08/2026 | E18: Geçici | F18: 016252 | G18: YILDIRIM VERGİ DAİRESİ | H18: 9390387080 | I18: AHMET YAŞA | J18: 0015 | K18: 202405202405 | L18: 2026082650QAK0000004 | M18: İnceleme Raporu
A19: 03.03 - Vergi İnceleme Raporlarına İstinaden Düzenlenen İhbarnamelerden Tarh Defterinde Geçici İhbarname Olarak Bekleyenlerin Listesi | B19: Ömer DÜNDAR | C19: 2026082613QAJ0000003 | D19: 26/08/2026 | E19: Geçici | F19: 016252 | G19: YILDIRIM VERGİ DAİRESİ | H19: 9390387080 | I19: AHMET YAŞA | J19: 0015 | K19: 202306202306 | L19: 2026082650QAK0000001 | M19: İnceleme Raporu
A20: 03.03 - Vergi İnceleme Raporlarına İstinaden Düzenlenen İhbarnamelerden Tarh Defterinde Geçici İhbarname Olarak Bekleyenlerin Listesi | B20: Ömer DÜNDAR | C20: 2026082613QAJ0000009 | D20: 26/08/2026 | E20: Geçici | F20: 016252 | G20: YILDIRIM VERGİ DAİRESİ | H20: 9390387080 | I20: AHMET YAŞA | J20: 0015 | K20: 202312202312 | L20: 2026082650QAK0000001 | M20: İnceleme Raporu
A21: 03.03 - Vergi İnceleme Raporlarına İstinaden Düzenlenen İhbarnamelerden Tarh Defterinde Geçici İhbarname Olarak Bekleyenlerin Listesi | B21: Ömer DÜNDAR | C21: 2026082613QAJ0000001 | D21: 26/08/2026 | E21: Geçici | F21: 016252 | G21: YILDIRIM VERGİ DAİRESİ | H21: 9390387080 | I21: AHMET YAŞA | J21: 0015 | K21: 202304202304 | L21: 2026082650QAK0000001 | M21: İnceleme Raporu
... A70: 03.04 - Vergi İnceleme Raporlarına İstinaden Düzenlenen İhbarnamelerden Tebliğ Edilmeyenlerin Listesi | B70: Ali BEŞTAŞ | C70: 2026081813QAH0000013 | D70: 18/08/2026 | E70: ONAYLANMIŞ | F70: 016252 | G70: YILDIRIM VERGİ DAİRESİ | H70: 7730699221 | I70: İFLAS HAL.SOLE KİDS TEKSTİL SANAYİ VE TİCARET LİMİTED ŞİRKETİ | J70: 0015 | K70: 202408202408 | L70: 2026081750QAI0000001 | M70: İnceleme Raporu
A73: AÇIKLAMA | B73: SORUMLU | C73: İHBARNAME FİŞ NUMARASI | D73: İHBARNAME DÜZENLENME TARİHİ | E73: İHBARNAME DURUMU | F73: TEBLİĞ TARİHİ | G73: VERGİ DAİRESİ KODU | H73: VERGİ DAİRESİ ADI | I73: VERGİ KİMLİK NUMARASI | J73: UNVAN | K73: VERGİ KODU | L73: DÖNEM
A74: 03.05 - Vergi İnceleme Raporlarına İstinaden Düzenlenmiş İhbarnamelerden Tebliğ Edilmesine Rağmen Tahakkuku Verilmeyenlerin Listesi | B74: Resul MEYDAN | C74: 2026070313QAE0000019 | D74: 03/07/2026 | E74: TEBLIĞ EDILMIŞ | F74: 12/07/2026 | G74: 016252 | H74: YILDIRIM VERGİ DAİRESİ | I74: 4621037507 | J74: HFK YÜZEY İŞLEM KİMYASALLARI TEKSTİL SANAYİ TİCARET LİMİTED ŞİRKETİ | K74: 0010 | L74: 202501202512
A75: 03.05 - Vergi İnceleme Raporlarına İstinaden Düzenlenmiş İhbarnamelerden Tebliğ Edilmesine Rağmen Tahakkuku Verilmeyenlerin Listesi | B75: Resul MEYDAN | C75: 2026070313QAE0000020 | D75: 03/07/2026 | E75: TEBLIĞ EDILMIŞ | F75: 12/07/2026 | G75: 016252 | H75: YILDIRIM VERGİ DAİRESİ | I75: 4621037507 | J75: HFK YÜZEY İŞLEM KİMYASALLARI TEKSTİL SANAYİ TİCARET LİMİTED ŞİRKETİ | K75: 0033 | L75: 202501202503
A76: 03.05 - Vergi İnceleme Raporlarına İstinaden Düzenlenmiş İhbarnamelerden Tebliğ Edilmesine Rağmen Tahakkuku Verilmeyenlerin Listesi | B76: Resul MEYDAN | C76: 2026070313QAE0000021 | D76: 03/07/2026 | E76: TEBLIĞ EDILMIŞ | F76: 12/07/2026 | G76: 016252 | H76: YILDIRIM VERGİ DAİRESİ | I76: 4621037507 | J76: HFK YÜZEY İŞLEM KİMYASALLARI TEKSTİL SANAYİ TİCARET LİMİTED ŞİRKETİ | K76: 0015 | L76: 202501202501
A77: 03.05 - Vergi İnceleme Raporlarına İstinaden Düzenlenmiş İhbarnamelerden Tebliğ Edilmesine Rağmen Tahakkuku Verilmeyenlerin Listesi | B77: Nuran KARAKAYA | C77: 2026041513QAF0000001 | D77: 15/04/2026 | E77: TEBLIĞ EDILMIŞ | F77: 20/05/2026 | G77: 016252 | H77: YILDIRIM VERGİ DAİRESİ | I77: 5341609401 | J77: ŞEVVAL KAYA | K77: 0015 | L77: 202409202409
A78: 03.05 - Vergi İnceleme Raporlarına İstinaden Düzenlenmiş İhbarnamelerden Tebliğ Edilmesine Rağmen Tahakkuku Verilmeyenlerin Listesi | B78: Nuran KARAKAYA | C78: 2026041513QAF0000002 | D78: 15/04/2026 | E78: TEBLIĞ EDILMIŞ | F78: 20/05/2026 | G78: 016252 | H78: YILDIRIM VERGİ DAİRESİ | I78: 5341609401 | J78: ŞEVVAL KAYA | K78: 0015 | L78: 202410202410
A79: 03.05 - Vergi İnceleme Raporlarına İstinaden Düzenlenmiş İhbarnamelerden Tebliğ Edilmesine Rağmen Tahakkuku Verilmeyenlerin Listesi | B79: Nuran KARAKAYA | C79: 2026041513QAF0000003 | D79: 15/04/2026 | E79: TEBLIĞ EDILMIŞ | F79: 20/05/2026 | G79: 016252 | H79: YILDIRIM VERGİ DAİRESİ | I79: 5341609401 | J79: ŞEVVAL KAYA | K79: 0015 | L79: 202411202411
A80: 03.05 - Vergi İnceleme Raporlarına İstinaden Düzenlenmiş İhbarnamelerden Tebliğ Edilmesine Rağmen Tahakkuku Verilmeyenlerin Listesi | B80: Nuran KARAKAYA | C80: 2026041513QAF0000004 | D80: 15/04/2026 | E80: TEBLIĞ EDILMIŞ | F80: 20/05/2026 | G80: 016252 | H80: YILDIRIM VERGİ DAİRESİ | I80: 5341609401 | J80: ŞEVVAL KAYA | K80: 0015 | L80: 202412202412
A81: 03.05 - Vergi İnceleme Raporlarına İstinaden Düzenlenmiş İhbarnamelerden Tebliğ Edilmesine Rağmen Tahakkuku Verilmeyenlerin Listesi | B81: Nuran KARAKAYA | C81: 2026041513QAF0000005 | D81: 15/04/2026 | E81: TEBLIĞ EDILMIŞ | F81: 20/05/2026 | G81: 016252 | H81: YILDIRIM VERGİ DAİRESİ | I81: 5341609401 | J81: ŞEVVAL KAYA | K81: 0015 | L81: 202507202507
A82: 03.05 - Vergi İnceleme Raporlarına İstinaden Düzenlenmiş İhbarnamelerden Tebliğ Edilmesine Rağmen Tahakkuku Verilmeyenlerin Listesi | B82: Nuran KARAKAYA | C82: 2026041513QAF0000006 | D82: 15/04/2026 | E82: TEBLIĞ EDILMIŞ | F82: 20/05/2026 | G82: 016252 | H82: YILDIRIM VERGİ DAİRESİ | I82: 5341609401 | J82: ŞEVVAL KAYA | K82: 0015 | L82: 202508202508
A83: 03.05 - Vergi İnceleme Raporlarına İstinaden Düzenlenmiş İhbarnamelerden Tebliğ Edilmesine Rağmen Tahakkuku Verilmeyenlerin Listesi | B83: Nuran KARAKAYA | C83: 2026041513QAF0000007 | D83: 15/04/2026 | E83: TEBLIĞ EDILMIŞ | F83: 20/05/2026 | G83: 016252 | H83: YILDIRIM VERGİ DAİRESİ | I83: 5341609401 | J83: ŞEVVAL KAYA | K83: 0015 | L83: 202509202509
A84: 03.05 - Vergi İnceleme Raporlarına İstinaden Düzenlenmiş İhbarnamelerden Tebliğ Edilmesine Rağmen Tahakkuku Verilmeyenlerin Listesi | B84: Nuran KARAKAYA | C84: 2026041513QAF0000008 | D84: 15/04/2026 | E84: TEBLIĞ EDILMIŞ | F84: 20/05/2026 | G84: 016252 | H84: YILDIRIM VERGİ DAİRESİ | I84: 5341609401 | J84: ŞEVVAL KAYA | K84: 0015 | L84: 202510202510
... A144: 03.05 - Vergi İnceleme Raporlarına İstinaden Düzenlenmiş İhbarnamelerden Tebliğ Edilmesine Rağmen Tahakkuku Verilmeyenlerin Listesi | B144: Resul MEYDAN | C144: 2026070313QAE0000018 | D144: 03/07/2026 | E144: TEBLIĞ EDILMIŞ | F144: 12/07/2026 | G144: 016252 | H144: YILDIRIM VERGİ DAİRESİ | I144: 4621037507 | J144: HFK YÜZEY İŞLEM KİMYASALLARI TEKSTİL SANAYİ TİCARET LİMİTED ŞİRKETİ | K144: 0015 | L144: 202412202412
A147: AÇIKLAMA | B147: SORUMLU | C147: RAPOR SAYISI | D147: RAPOR TARİHİ | E147: RAPOR TÜRÜ | F147: VERGİ KİMLİK NUMARASI | G147: UNVAN | H147: VERGİ KODU | I147: DÖNEM | J147: YAZI TARİHİ | K147: YAZI SAYISI | L147: VERGİ DAİRESİ KODU | M147: VERGİ DAİRESİ ADI
A148: 03.01 - Vergi Dairesine Gelen Vergi İnceleme Raporlarından Rapor Kayıt Defterine Kayıt Edilmeyenlerin Listesi | B148: Halim YARAR | C148: 2026-[2014-1-392]/47 | D148: 05/06/2026 | E148: VSR | F148: 2051210593 | G148: CEMRESU TEKSTİL SANAYİ VE TİCARET LİMİTED ŞİRKETİ | I148: 2023,2024 | J148: 30/07/2026 | K148: 51781582-663.05[48569]-50717 | L148: 016252 | M148: YILDIRIM VERGİ DAİRESİ
A149: 03.01 - Vergi Dairesine Gelen Vergi İnceleme Raporlarından Rapor Kayıt Defterine Kayıt Edilmeyenlerin Listesi | B149: Resul MEYDAN | C149: 2026-[1997-1-9]/26 | D149: 11/08/2026 | E149: VTR-Genel | F149: 4610800700 | G149: ADİL HELVANİ | I149: 2022 | J149: 26/08/2026 | K149: 51781582-663.05[55127]-56267 | L149: 016252 | M149: YILDIRIM VERGİ DAİRESİ
A150: 03.01 - Vergi Dairesine Gelen Vergi İnceleme Raporlarından Rapor Kayıt Defterine Kayıt Edilmeyenlerin Listesi | B150: Hikmet ŞAHİN | C150: 2026-[2014-3-182]/10 | D150: 09/07/2026 | E150: VTR-Kısmen Sahte Belge Düzenleme | F150: 8940386590 | G150: USL DIŞ TİCARET ANONİM ŞİRKETİ | I150: 2021,2022 | J150: 30/07/2026 | K150: 51781582-663.05[13287]-50700 | L150: 016252 | M150: YILDIRIM VERGİ DAİRESİ
A151: 03.01 - Vergi Dairesine Gelen Vergi İnceleme Raporlarından Rapor Kayıt Defterine Kayıt Edilmeyenlerin Listesi | B151: Nalan ŞERİF | C151: 2026-[2014-3-182]/15 | D151: 14/07/2026 | E151: VİR | F151: 0691192117 | G151: ANALIZ GROUP METAL ÇELIK SANAYI VE TICARET LIMITED SIRKETI | H151: 0015 | I151: 2021/04,05,06,07,08,09,10,11,12 | J151: 20/08/2026 | K151: 51781582-663.05[38420]-55284 | L151: 016252 | M151: YILDIRIM VERGİ DAİRESİ
A154: AÇIKLAMA | B154: SORUMLU | C154: RAPOR KAYIT DEFTERİ NUMARASI | D154: İHBARNAME FİŞ NUMARASI | E154: RAPOR TARİHİ | F154: RAPOR SAYISI | G154: RAPOR TÜRÜ | H154: VERGİ KİMLİK NUMARASI | I154: UNVAN | J154: VERGİ KODU | K154: DÖNEM | L154: YAZI TARİHİ | M154: YAZI SAYISI | N154: VERGİ DAİRESİ KODU | O154: VERGİ DAİRESİ ADI | P154: İHBARNAME TARH EDİLEN TUTAR | Q154: RAPOR TARH ÖNERİLEN TUTAR | R154: FARK
A155: 03.06 - Vergi İnceleme Raporlarında Yer alan Vergi Tutarları ile İhbarnamelerde Yer Alan Vergi Tutarları Arasında Fark Olanların Listesi | B155: Hikmet ŞAHİN | C155: 2026041450QAJ0000002 | D155: 2026041413QAI0000004 | E155: 24/02/2026 | F155: 2026-[2014-1-508]/14 | G155: VİR | H155: 8620377585 | I155: EMRECAN TUNALI | J155: 0032 | K155: 202201202203 | L155: 02/03/2026 | M155: 51781582-663.05[52737]-10506 | N155: 016252 | O155: YILDIRIM VERGİ DAİRESİ | P155: 0 | Q155: 11382.28 | R155: 11382.28

Sheet 05 TAKDİRİ SEVK İŞLEMLERİ
A2: AÇIKLAMA | B2: SORUMLU | C2: TAKDİR KOMİSYONU KARAR NUMARASI | D2: TAKDİR KOMİSYONU KARAR TARİHİ | E2: TAKDİR KOMİSYONUNA SEVK NUMARASI | F2: TAKDİR KOMİSYONUNA SEVK TARİHİ | G2: VERGİ KİMLİK NUMARASI | H2: AD SOYAD/UNVAN | I2: VERGİ KODU | J2: VERGİLENDİRME DÖNEMİ | K2: FARK
A3: 05.05 - Takdir Komisyonu Kararı Olmasına Rağmen Vergi Ceza İhbarnamesi Düzenlenmeyen Mükellefler Listesi | B3: Ahmet TARANCI | C3: 627 | D3: 28/03/2023 | E3: 2023032006Q9k0000008 | F3: 20/03/2023 | G3: 3850151938 | H3: AYDIN FATURACI | I3: 0032 | J3: 202104202106 | K3: 2363.3
A4: 05.05 - Takdir Komisyonu Kararı Olmasına Rağmen Vergi Ceza İhbarnamesi Düzenlenmeyen Mükellefler Listesi | B4: Ahmet TARANCI | C4: 628 | D4: 28/03/2023 | E4: 2023032006Q9k0000009 | F4: 20/03/2023 | G4: 3850151938 | H4: AYDIN FATURACI | I4: 0032 | J4: 202107202109 | K4: 2363.3
A5: 05.05 - Takdir Komisyonu Kararı Olmasına Rağmen Vergi Ceza İhbarnamesi Düzenlenmeyen Mükellefler Listesi | B5: Nuran KARAKAYA | C5: 3574 | D5: 19/12/2022 | E5: 2022120506Q9l0000017 | F5: 06/12/2022 | G5: 4990117663 | H5: OĞUZHAN KAPLAY | I5: 0032 | J5: 202204202206 | K5: 340180.8
A6: 05.05 - Takdir Komisyonu Kararı Olmasına Rağmen Vergi Ceza İhbarnamesi Düzenlenmeyen Mükellefler Listesi | B6: Nur Berru YENİÇERİ | C6: 3704 | D6: 16/09/2025 | E6: 2025032406Q9m0000025 | F6: 27/03/2025 | G6: 5960525464 | H6: GÜVEN KURTULUŞ | I6: 0032 | J6: 202110202112 | K6: 1742.45
A7: 05.05 - Takdir Komisyonu Kararı Olmasına Rağmen Vergi Ceza İhbarnamesi Düzenlenmeyen Mükellefler Listesi | B7: Özge TARIM | C7: 165 | D7: 29/02/2024 | E7: 2023112106Q9i0000015 | F7: 22/11/2023 | G7: 1120867371 | H7: İBRAHİM AYDIN | I7: 0032 | J7: 202110202112 | K7: 26695
A8: 05.05 - Takdir Komisyonu Kararı Olmasına Rağmen Vergi Ceza İhbarnamesi Düzenlenmeyen Mükellefler Listesi | B8: Resul MEYDAN | C8: 4830 | D8: 18/12/2025 | E8: 2025070306Q9l0000010 | F8: 21/07/2025 | G8: 4740009677 | H8: İSMAİL HAKKI KURAN KURSU İMAM-HATİP VE İLAHİYAT ÖĞRENCİLERİNE YARDIM DERNEĞİ | I8: 0003 | J8: 202112202112 | K8: 22550
A9: 05.05 - Takdir Komisyonu Kararı Olmasına Rağmen Vergi Ceza İhbarnamesi Düzenlenmeyen Mükellefler Listesi | B9: Canan YILDIZOĞLU | C9: 539 | D9: 04/04/2024 | E9: 2024031506Q9o0000018 | F9: 21/03/2024 | G9: 7300715496 | H9: PLAS GERİ DÖNÜŞÜM PLASTİK POLİMER ORMAN ÜRÜNLERİ İNŞAAT İTHALAT İHRACAT İMALAT SAN.VE TİC.LTD.ŞTİ. | I9: 0033 | J9: 202207202209 | K9: 75824.68
A10: 05.05 - Takdir Komisyonu Kararı Olmasına Rağmen Vergi Ceza İhbarnamesi Düzenlenmeyen Mükellefler Listesi | B10: Nuran KARAKAYA | C10: 2503 | D10: 04/11/2024 | E10: 2024092606Q9m0000010 | F10: 01/10/2024 | G10: 5241293654 | H10: KARDEŞLER COMPANY DIŞ TİCARET LİMİTED ŞİRKETİ | I10: 0015 | J10: 202404202404 | K10: 9900
A14: AÇIKLAMA | B14: SORUMLU | C14: TAKDİR KOMİSYONUNA SEVK NUMARASI | D14: TAKDİR KOMİSYONUNA SEVK TARİHİ | E14: VERGİ KİMLİK NUMARASI | F14: AD SOYAD/UNVAN | G14: VERGİ KODU | H14: VERGİLENDİRME DÖNEMİ | I14: İHBARNAME FİŞ NUMARASI | J14: CEZA TUTARI
A15: 05.04 - Elektronik Ortamda Beyanname Vermesi Gereken Mükelleflerden Takdire Sevk Edildiği Halde Özel Usulsüzlük Cezası Kesilmeyenlerin Listesi | B15: Hikmet ŞAHİN | C15: 2022070106Q9q0000021 | D15: 02/09/2022 | E15: 9040130518 | F15: NİHAT UZUNORMAN | G15: 0032 | H15: 202107202109
A16: 05.04 - Elektronik Ortamda Beyanname Vermesi Gereken Mükelleflerden Takdire Sevk Edildiği Halde Özel Usulsüzlük Cezası Kesilmeyenlerin Listesi | B16: Ali BEŞTAŞ | C16: 2022101406Q9o0000069 | D16: 18/10/2022 | E16: 7410277277 | F16: MUSTAFA SALIK | G16: 0015 | H16: 202101202101
A17: 05.04 - Elektronik Ortamda Beyanname Vermesi Gereken Mükelleflerden Takdire Sevk Edildiği Halde Özel Usulsüzlük Cezası Kesilmeyenlerin Listesi | B17: Ali BEŞTAŞ | C17: 2022101406Q9o0000070 | D17: 18/10/2022 | E17: 7410277277 | F17: MUSTAFA SALIK | G17: 0015 | H17: 202102202102
A18: 05.04 - Elektronik Ortamda Beyanname Vermesi Gereken Mükelleflerden Takdire Sevk Edildiği Halde Özel Usulsüzlük Cezası Kesilmeyenlerin Listesi | B18: Ali BEŞTAŞ | C18: 2022101406Q9o0000071 | D18: 18/10/2022 | E18: 7410277277 | F18: MUSTAFA SALIK | G18: 0015 | H18: 202103202103
A19: 05.04 - Elektronik Ortamda Beyanname Vermesi Gereken Mükelleflerden Takdire Sevk Edildiği Halde Özel Usulsüzlük Cezası Kesilmeyenlerin Listesi | B19: Ali BEŞTAŞ | C19: 2022101406Q9o0000072 | D19: 18/10/2022 | E19: 7410277277 | F19: MUSTAFA SALIK | G19: 0015 | H19: 202104202104
A20: 05.04 - Elektronik Ortamda Beyanname Vermesi Gereken Mükelleflerden Takdire Sevk Edildiği Halde Özel Usulsüzlük Cezası Kesilmeyenlerin Listesi | B20: Ali BEŞTAŞ | C20: 2022101406Q9o0000073 | D20: 18/10/2022 | E20: 7410277277 | F20: MUSTAFA SALIK | G20: 0015 | H20: 202105202105
A21: 05.04 - Elektronik Ortamda Beyanname Vermesi Gereken Mükelleflerden Takdire Sevk Edildiği Halde Özel Usulsüzlük Cezası Kesilmeyenlerin Listesi | B21: Ali BEŞTAŞ | C21: 2022101406Q9o0000074 | D21: 18/10/2022 | E21: 7410277277 | F21: MUSTAFA SALIK | G21: 0015 | H21: 202106202106
A22: 05.04 - Elektronik Ortamda Beyanname Vermesi Gereken Mükelleflerden Takdire Sevk Edildiği Halde Özel Usulsüzlük Cezası Kesilmeyenlerin Listesi | B22: Ali BEŞTAŞ | C22: 2022101406Q9o0000075 | D22: 18/10/2022 | E22: 7410277277 | F22: MUSTAFA SALIK | G22: 0015 | H22: 202107202107
A23: 05.04 - Elektronik Ortamda Beyanname Vermesi Gereken Mükelleflerden Takdire Sevk Edildiği Halde Özel Usulsüzlük Cezası Kesilmeyenlerin Listesi | B23: Ali BEŞTAŞ | C23: 2022101406Q9o0000076 | D23: 18/10/2022 | E23: 7410277277 | F23: MUSTAFA SALIK | G23: 0032 | H23: 202101202103
A24: 05.04 - Elektronik Ortamda Beyanname Vermesi Gereken Mükelleflerden Takdire Sevk Edildiği Halde Özel Usulsüzlük Cezası Kesilmeyenlerin Listesi | B24: Ali BEŞTAŞ | C24: 2022101406Q9o0000077 | D24: 18/10/2022 | E24: 7410277277 | F24: MUSTAFA SALIK | G24: 0032 | H24: 202104202106
A25: 05.04 - Elektronik Ortamda Beyanname Vermesi Gereken Mükelleflerden Takdire Sevk Edildiği Halde Özel Usulsüzlük Cezası Kesilmeyenlerin Listesi | B25: Ali BEŞTAŞ | C25: 2022101406Q9o0000078 | D25: 18/10/2022 | E25: 7410277277 | F25: MUSTAFA SALIK | G25: 0032 | H25: 202107202109
A26: 05.04 - Elektronik Ortamda Beyanname Vermesi Gereken Mükelleflerden Takdire Sevk Edildiği Halde Özel Usulsüzlük Cezası Kesilmeyenlerin Listesi | B26: Ali BEŞTAŞ | C26: 2022101406Q9o0000079 | D26: 18/10/2022 | E26: 7410277277 | F26: MUSTAFA SALIK | G26: 0001 | H26: 202101202112
... A30: 05.04 - Elektronik Ortamda Beyanname Vermesi Gereken Mükelleflerden Takdire Sevk Edildiği Halde Özel Usulsüzlük Cezası Kesilmeyenlerin Listesi | B30: Hikmet ŞAHİN | C30: 2025120806Q9p0000004 | D30: 22/12/2025 | E30: 8210331453 | F30: AYTUĞ TANRIKULU | G30: 0032 | H30: 202501202503
A33: AÇIKLAMA | B33: SORUMLU | C33: VERGİ KİMLİK NUMARASI | D33: T.C. KİMLİK NUMARASI | E33: AD SOYAD/UNVAN | F33: VERGİ KODU | G33: VERGİLENDİRME DÖNEMİ
A34: 05.03 - Katma Değer Vergisi Beyannamesini Vermeyen Mükellefler Arasından Takdir Komisyonuna Sevk Edilmeyenlerin Listesi | B34: Halim YARAR | C34: 1910567473 | E34: BURSA SOSYAL GÜVENLİK İL MÜDÜRLÜĞÜ MİSAFİRHANE İŞLETMESİ. | F34: 0015 | G34: 202101202101
A35: 05.03 - Katma Değer Vergisi Beyannamesini Vermeyen Mükellefler Arasından Takdir Komisyonuna Sevk Edilmeyenlerin Listesi | B35: Halim YARAR | C35: 1911292067 | E35: BURSA ATLISPOR KULÜBÜ DERNEĞİ İKTİSADİ İŞLETMESİ | F35: 0015 | G35: 202101202101
A36: 05.03 - Katma Değer Vergisi Beyannamesini Vermeyen Mükellefler Arasından Takdir Komisyonuna Sevk Edilmeyenlerin Listesi | B36: Çağatay TÜRKOĞLU | C36: 2711220900 | D36: 53620466732 | E36: HAYRİYE KARAGÜL | F36: 0015 | G36: 202101202101
A37: 05.03 - Katma Değer Vergisi Beyannamesini Vermeyen Mükellefler Arasından Takdir Komisyonuna Sevk Edilmeyenlerin Listesi | B37: Resul MEYDAN | C37: 4780910241 | E37: TASF.HAL.İNG YABANCI DİL AKADEMİK KURSLARI EĞİTİM TİCARET LİMİTED ŞİRKETİ | F37: 0015 | G37: 202101202101
A38: 05.03 - Katma Değer Vergisi Beyannamesini Vermeyen Mükellefler Arasından Takdir Komisyonuna Sevk Edilmeyenlerin Listesi | B38: Ali BEŞTAŞ | C38: 7750410574 | E38: BURSA SOSYAL GÜVENLİK KURUMU İL MÜDÜRLÜĞÜ PERSONELİ TABLDOT İŞLETME SERVİSİ | F38: 0015 | G38: 202101202101
A39: 05.03 - Katma Değer Vergisi Beyannamesini Vermeyen Mükellefler Arasından Takdir Komisyonuna Sevk Edilmeyenlerin Listesi | B39: Ömer DÜNDAR | C39: 9720314103 | D39: 10660938070 | E39: MEHMET YILMAZ | F39: 0015 | G39: 202101202101
A40: 05.03 - Katma Değer Vergisi Beyannamesini Vermeyen Mükellefler Arasından Takdir Komisyonuna Sevk Edilmeyenlerin Listesi | B40: Hikmet ŞAHİN | C40: 8250327209 | E40: TASF.HAL.SINIRLI SORUMLU TASARIM KONUT YAPI KOOPERATİFİ | F40: 0015 | G40: 202101202103
A41: 05.03 - Katma Değer Vergisi Beyannamesini Vermeyen Mükellefler Arasından Takdir Komisyonuna Sevk Edilmeyenlerin Listesi | B41: Halim YARAR | C41: 1910567473 | E41: BURSA SOSYAL GÜVENLİK İL MÜDÜRLÜĞÜ MİSAFİRHANE İŞLETMESİ. | F41: 0015 | G41: 202102202102
A42: 05.03 - Katma Değer Vergisi Beyannamesini Vermeyen Mükellefler Arasından Takdir Komisyonuna Sevk Edilmeyenlerin Listesi | B42: Halim YARAR | C42: 1911292067 | E42: BURSA ATLISPOR KULÜBÜ DERNEĞİ İKTİSADİ İŞLETMESİ | F42: 0015 | G42: 202102202102
A43: 05.03 - Katma Değer Vergisi Beyannamesini Vermeyen Mükellefler Arasından Takdir Komisyonuna Sevk Edilmeyenlerin Listesi | B43: Çağatay TÜRKOĞLU | C43: 2711220900 | D43: 53620466732 | E43: HAYRİYE KARAGÜL | F43: 0015 | G43: 202102202102
A44: 05.03 - Katma Değer Vergisi Beyannamesini Vermeyen Mükellefler Arasından Takdir Komisyonuna Sevk Edilmeyenlerin Listesi | B44: Resul MEYDAN | C44: 4780910241 | E44: TASF.HAL.İNG YABANCI DİL AKADEMİK KURSLARI EĞİTİM TİCARET LİMİTED ŞİRKETİ | F44: 0015 | G44: 202102202102
A45: 05.03 - Katma Değer Vergisi Beyannamesini Vermeyen Mükellefler Arasından Takdir Komisyonuna Sevk Edilmeyenlerin Listesi | B45: Ali BEŞTAŞ | C45: 7750410574 | E45: BURSA SOSYAL GÜVENLİK KURUMU İL MÜDÜRLÜĞÜ PERSONELİ TABLDOT İŞLETME SERVİSİ | F45: 0015 | G45: 202102202102
A46: 05.03 - Katma Değer Vergisi Beyannamesini Vermeyen Mükellefler Arasından Takdir Komisyonuna Sevk Edilmeyenlerin Listesi | B46: Halim YARAR | C46: 1910567473 | E46: BURSA SOSYAL GÜVENLİK İL MÜDÜRLÜĞÜ MİSAFİRHANE İŞLETMESİ. | F46: 0015 | G46: 202103202103
A47: 05.03 - Katma Değer Vergisi Beyannamesini Vermeyen Mükellefler Arasından Takdir Komisyonuna Sevk Edilmeyenlerin Listesi | B47: Halim YARAR | C47: 1911292067 | E47: BURSA ATLISPOR KULÜBÜ DERNEĞİ İKTİSADİ İŞLETMESİ | F47: 0015 | G47: 202103202103
A48: 05.03 - Katma Değer Vergisi Beyannamesini Vermeyen Mükellefler Arasından Takdir Komisyonuna Sevk Edilmeyenlerin Listesi | B48: Resul MEYDAN | C48: 4780910241 | E48: TASF.HAL.İNG YABANCI DİL AKADEMİK KURSLARI EĞİTİM TİCARET LİMİTED ŞİRKETİ | F48: 0015 | G48: 202103202103
A49: 05.03 - Katma Değer Vergisi Beyannamesini Vermeyen Mükellefler Arasından Takdir Komisyonuna Sevk Edilmeyenlerin Listesi | B49: Ali BEŞTAŞ | C49: 7750410574 | E49: BURSA SOSYAL GÜVENLİK KURUMU İL MÜDÜRLÜĞÜ PERSONELİ TABLDOT İŞLETME SERVİSİ | F49: 0015 | G49: 202103202103
A50: 05.03 - Katma Değer Vergisi Beyannamesini Vermeyen Mükellefler Arasından Takdir Komisyonuna Sevk Edilmeyenlerin Listesi | B50: Halim YARAR | C50: 1910567473 | E50: BURSA SOSYAL GÜVENLİK İL MÜDÜRLÜĞÜ MİSAFİRHANE İŞLETMESİ. | F50: 0015 | G50: 202104202104
A51: 05.03 - Katma Değer Vergisi Beyannamesini Vermeyen Mükellefler Arasından Takdir Komisyonuna Sevk Edilmeyenlerin Listesi | B51: Halim YARAR | C51: 1911292067 | E51: BURSA ATLISPOR KULÜBÜ DERNEĞİ İKTİSADİ İŞLETMESİ | F51: 0015 | G51: 202104202104
A52: 05.03 - Katma Değer Vergisi Beyannamesini Vermeyen Mükellefler Arasından Takdir Komisyonuna Sevk Edilmeyenlerin Listesi | B52: Ahmet TARANCI | C52: 3350438379 | E52: ENİSA KUMAŞ İPLİK TEKS.SAN.VE TİC.LTD. ŞTİ. | F52: 0015 | G52: 202104202104
A53: 05.03 - Katma Değer Vergisi Beyannamesini Vermeyen Mükellefler Arasından Takdir Komisyonuna Sevk Edilmeyenlerin Listesi | B53: Resul MEYDAN | C53: 4780910241 | E53: TASF.HAL.İNG YABANCI DİL AKADEMİK KURSLARI EĞİTİM TİCARET LİMİTED ŞİRKETİ | F53: 0015 | G53: 202104202104
A54: 05.03 - Katma Değer Vergisi Beyannamesini Vermeyen Mükellefler Arasından Takdir Komisyonuna Sevk Edilmeyenlerin Listesi | B54: Ali BEŞTAŞ | C54: 7750410574 | E54: BURSA SOSYAL GÜVENLİK KURUMU İL MÜDÜRLÜĞÜ PERSONELİ TABLDOT İŞLETME SERVİSİ | F54: 0015 | G54: 202104202104
A55: 05.03 - Katma Değer Vergisi Beyannamesini Vermeyen Mükellefler Arasından Takdir Komisyonuna Sevk Edilmeyenlerin Listesi | B55: Hikmet ŞAHİN | C55: 8250327209 | E55: TASF.HAL.SINIRLI SORUMLU TASARIM KONUT YAPI KOOPERATİFİ | F55: 0015 | G55: 202104202106
... A68: 05.03 - Katma Değer Vergisi Beyannamesini Vermeyen Mükellefler Arasından Takdir Komisyonuna Sevk Edilmeyenlerin Listesi | B68: Halim YARAR | C68: 1911292067 | E68: BURSA ATLISPOR KULÜBÜ DERNEĞİ İKTİSADİ İŞLETMESİ | F68: 0015 | G68: 202107202107
A69: 05.03 - Katma Değer Vergisi Beyannamesini Vermeyen Mükellefler Arasından Takdir Komisyonuna Sevk Edilmeyenlerin Listesi | B69: Ahmet TARANCI | C69: 4150625173 | D69: 32110237908 | E69: AHMET YASİN GÜLAYAN | F69: 0015 | G69: 202107202107
A70: 05.03 - Katma Değer Vergisi Beyannamesini Vermeyen Mükellefler Arasından Takdir Komisyonuna Sevk Edilmeyenlerin Listesi | B70: Ahmet TARANCI | C70: 4150625204 | D70: 32113237844 | E70: SEFA HÜSEYİN GÜLAYAN | F70: 0015 | G70: 202107202107
A71: 05.03 - Katma Değer Vergisi Beyannamesini Vermeyen Mükellefler Arasından Takdir Komisyonuna Sevk Edilmeyenlerin Listesi | B71: Ahmet TARANCI | C71: 4150625261 | D71: 32116237780 | E71: MERVE GÜLŞAH AKSAKAL | F71: 0015 | G71: 202107202107
A72: 05.03 - Katma Değer Vergisi Beyannamesini Vermeyen Mükellefler Arasından Takdir Komisyonuna Sevk Edilmeyenlerin Listesi | B72: Ahmet TARANCI | C72: 4150625317 | D72: 32122237552 | E72: SEMRA GÜLAYAN | F72: 0015 | G72: 202107202107
A73: 05.03 - Katma Değer Vergisi Beyannamesini Vermeyen Mükellefler Arasından Takdir Komisyonuna Sevk Edilmeyenlerin Listesi | B73: Resul MEYDAN | C73: 4780910241 | E73: TASF.HAL.İNG YABANCI DİL AKADEMİK KURSLARI EĞİTİM TİCARET LİMİTED ŞİRKETİ | F73: 0015 | G73: 202107202107
A74: 05.03 - Katma Değer Vergisi Beyannamesini Vermeyen Mükellefler Arasından Takdir Komisyonuna Sevk Edilmeyenlerin Listesi | B74: Ali BEŞTAŞ | C74: 7750410574 | E74: BURSA SOSYAL GÜVENLİK KURUMU İL MÜDÜRLÜĞÜ PERSONELİ TABLDOT İŞLETME SERVİSİ | F74: 0015 | G74: 202107202107
A75: 05.03 - Katma Değer Vergisi Beyannamesini Vermeyen Mükellefler Arasından Takdir Komisyonuna Sevk Edilmeyenlerin Listesi | B75: Hikmet ŞAHİN | C75: 8250327209 | E75: TASF.HAL.SINIRLI SORUMLU TASARIM KONUT YAPI KOOPERATİFİ | F75: 0015 | G75: 202107202109
A76: 05.03 - Katma Değer Vergisi Beyannamesini Vermeyen Mükellefler Arasından Takdir Komisyonuna Sevk Edilmeyenlerin Listesi | B76: Halim YARAR | C76: 1910567473 | E76: BURSA SOSYAL GÜVENLİK İL MÜDÜRLÜĞÜ MİSAFİRHANE İŞLETMESİ. | F76: 0015 | G76: 202108202108
A77: 05.03 - Katma Değer Vergisi Beyannamesini Vermeyen Mükellefler Arasından Takdir Komisyonuna Sevk Edilmeyenlerin Listesi | B77: Halim YARAR | C77: 1911292067 | E77: BURSA ATLISPOR KULÜBÜ DERNEĞİ İKTİSADİ İŞLETMESİ | F77: 0015 | G77: 202108202108
A78: 05.03 - Katma Değer Vergisi Beyannamesini Vermeyen Mükellefler Arasından Takdir Komisyonuna Sevk Edilmeyenlerin Listesi | B78: Ahmet TARANCI | C78: 4150625173 | D78: 32110237908 | E78: AHMET YASİN GÜLAYAN | F78: 0015 | G78: 202108202108
A79: 05.03 - Katma Değer Vergisi Beyannamesini Vermeyen Mükellefler Arasından Takdir Komisyonuna Sevk Edilmeyenlerin Listesi | B79: Ahmet TARANCI | C79: 4150625204 | D79: 32113237844 | E79: SEFA HÜSEYİN GÜLAYAN | F79: 0015 | G79: 202108202108
A80: 05.03 - Katma Değer Vergisi Beyannamesini Vermeyen Mükellefler Arasından Takdir Komisyonuna Sevk Edilmeyenlerin Listesi | B80: Ahmet TARANCI | C80: 4150625261 | D80: 32116237780 | E80: MERVE GÜLŞAH AKSAKAL | F80: 0015 | G80: 202108202108
A81: 05.03 - Katma Değer Vergisi Beyannamesini Vermeyen Mükellefler Arasından Takdir Komisyonuna Sevk Edilmeyenlerin Listesi | B81: Ahmet TARANCI | C81: 4150625317 | D81: 32122237552 | E81: SEMRA GÜLAYAN | F81: 0015 | G81: 202108202108
A82: 05.03 - Katma Değer Vergisi Beyannamesini Vermeyen Mükellefler Arasından Takdir Komisyonuna Sevk Edilmeyenlerin Listesi | B82: Resul MEYDAN | C82: 4780910241 | E82: TASF.HAL.İNG YABANCI DİL AKADEMİK KURSLARI EĞİTİM TİCARET LİMİTED ŞİRKETİ | F82: 0015 | G82: 202108202108
A83: 05.03 - Katma Değer Vergisi Beyannamesini Vermeyen Mükellefler Arasından Takdir Komisyonuna Sevk Edilmeyenlerin Listesi | B83: Ali BEŞTAŞ | C83: 7750410574 | E83: BURSA SOSYAL GÜVENLİK KURUMU İL MÜDÜRLÜĞÜ PERSONELİ TABLDOT İŞLETME SERVİSİ | F83: 0015 | G83: 202108202108
A84: 05.03 - Katma Değer Vergisi Beyannamesini Vermeyen Mükellefler Arasından Takdir Komisyonuna Sevk Edilmeyenlerin Listesi | B84: Halim YARAR | C84: 1910567473 | E84: BURSA SOSYAL GÜVENLİK İL MÜDÜRLÜĞÜ MİSAFİRHANE İŞLETMESİ. | F84: 0015 | G84: 202109202109
A85: 05.03 - Katma Değer Vergisi Beyannamesini Vermeyen Mükellefler Arasından Takdir Komisyonuna Sevk Edilmeyenlerin Listesi | B85: Halim YARAR | C85: 1911292067 | E85: BURSA ATLISPOR KULÜBÜ DERNEĞİ İKTİSADİ İŞLETMESİ | F85: 0015 | G85: 202109202109
A86: 05.03 - Katma Değer Vergisi Beyannamesini Vermeyen Mükellefler Arasından Takdir Komisyonuna Sevk Edilmeyenlerin Listesi | B86: Ahmet TARANCI | C86: 4150625173 | D86: 32110237908 | E86: AHMET YASİN GÜLAYAN | F86: 0015 | G86: 202109202109
A87: 05.03 - Katma Değer Vergisi Beyannamesini Vermeyen Mükellefler Arasından Takdir Komisyonuna Sevk Edilmeyenlerin Listesi | B87: Ahmet TARANCI | C87: 4150625204 | D87: 32113237844 | E87: SEFA HÜSEYİN GÜLAYAN | F87: 0015 | G87: 202109202109
A88: 05.03 - Katma Değer Vergisi Beyannamesini Vermeyen Mükellefler Arasından Takdir Komisyonuna Sevk Edilmeyenlerin Listesi | B88: Ahmet TARANCI | C88: 4150625261 | D88: 32116237780 | E88: MERVE GÜLŞAH AKSAKAL | F88: 0015 | G88: 202109202109
A89: 05.03 - Katma Değer Vergisi Beyannamesini Vermeyen Mükellefler Arasından Takdir Komisyonuna Sevk Edilmeyenlerin Listesi | B89: Ahmet TARANCI | C89: 4150625317 | D89: 32122237552 | E89: SEMRA GÜLAYAN | F89: 0015 | G89: 202109202109
A90: 05.03 - Katma Değer Vergisi Beyannamesini Vermeyen Mükellefler Arasından Takdir Komisyonuna Sevk Edilmeyenlerin Listesi | B90: Resul MEYDAN | C90: 4780910241 | E90: TASF.HAL.İNG YABANCI DİL AKADEMİK KURSLARI EĞİTİM TİCARET LİMİTED ŞİRKETİ | F90: 0015 | G90: 202109202109
A91: 05.03 - Katma Değer Vergisi Beyannamesini Vermeyen Mükellefler Arasından Takdir Komisyonuna Sevk Edilmeyenlerin Listesi | B91: Ali BEŞTAŞ | C91: 7750410574 | E91: BURSA SOSYAL GÜVENLİK KURUMU İL MÜDÜRLÜĞÜ PERSONELİ TABLDOT İŞLETME SERVİSİ | F91: 0015 | G91: 202109202109
A92: 05.03 - Katma Değer Vergisi Beyannamesini Vermeyen Mükellefler Arasından Takdir Komisyonuna Sevk Edilmeyenlerin Listesi | B92: Halim YARAR | C92: 1910567473 | E92: BURSA SOSYAL GÜVENLİK İL MÜDÜRLÜĞÜ MİSAFİRHANE İŞLETMESİ. | F92: 0015 | G92: 202110202110
A93: 05.03 - Katma Değer Vergisi Beyannamesini Vermeyen Mükellefler Arasından Takdir Komisyonuna Sevk Edilmeyenlerin Listesi | B93: Halim YARAR | C93: 1911292067 | E93: BURSA ATLISPOR KULÜBÜ DERNEĞİ İKTİSADİ İŞLETMESİ | F93: 0015 | G93: 202110202110
A94: 05.03 - Katma Değer Vergisi Beyannamesini Vermeyen Mükellefler Arasından Takdir Komisyonuna Sevk Edilmeyenlerin Listesi | B94: Ahmet TARANCI | C94: 4150625173 | D94: 32110237908 | E94: AHMET YASİN GÜLAYAN | F94: 0015 | G94: 202110202110
A95: 05.03 - Katma Değer Vergisi Beyannamesini Vermeyen Mükellefler Arasından Takdir Komisyonuna Sevk Edilmeyenlerin Listesi | B95: Ahmet TARANCI | C95: 4150625204 | D95: 32113237844 | E95: SEFA HÜSEYİN GÜLAYAN | F95: 0015 | G95: 202110202110
A96: 05.03 - Katma Değer Vergisi Beyannamesini Vermeyen Mükellefler Arasından Takdir Komisyonuna Sevk Edilmeyenlerin Listesi | B96: Ahmet TARANCI | C96: 4150625261 | D96: 32116237780 | E96: MERVE GÜLŞAH AKSAKAL | F96: 0015 | G96: 202110202110
A97: 05.03 - Katma Değer Vergisi Beyannamesini Vermeyen Mükellefler Arasından Takdir Komisyonuna Sevk Edilmeyenlerin Listesi | B97: Ahmet TARANCI | C97: 4150625317 | D97: 32122237552 | E97: SEMRA GÜLAYAN | F97: 0015 | G97: 202110202110
A98: 05.03 - Katma Değer Vergisi Beyannamesini Vermeyen Mükellefler Arasından Takdir Komisyonuna Sevk Edilmeyenlerin Listesi | B98: Resul MEYDAN | C98: 4780910241 | E98: TASF.HAL.İNG YABANCI DİL AKADEMİK KURSLARI EĞİTİM TİCARET LİMİTED ŞİRKETİ | F98: 0015 | G98: 202110202110
A99: 05.03 - Katma Değer Vergisi Beyannamesini Vermeyen Mükellefler Arasından Takdir Komisyonuna Sevk Edilmeyenlerin Listesi | B99: Ali BEŞTAŞ | C99: 7750410574 | E99: BURSA SOSYAL GÜVENLİK KURUMU İL MÜDÜRLÜĞÜ PERSONELİ TABLDOT İŞLETME SERVİSİ | F99: 0015 | G99: 202110202110
A100: 05.03 - Katma Değer Vergisi Beyannamesini Vermeyen Mükellefler Arasından Takdir Komisyonuna Sevk Edilmeyenlerin Listesi | B100: Hikmet ŞAHİN | C100: 8250327209 | E100: TASF.HAL.SINIRLI SORUMLU TASARIM KONUT YAPI KOOPERATİFİ | F100: 0015 | G100: 202110202112
A101: 05.03 - Katma Değer Vergisi Beyannamesini Vermeyen Mükellefler Arasından Takdir Komisyonuna Sevk Edilmeyenlerin Listesi | B101: Halim YARAR | C101: 1910567473 | E101: BURSA SOSYAL GÜVENLİK İL MÜDÜRLÜĞÜ MİSAFİRHANE İŞLETMESİ. | F101: 0015 | G101: 202111202111
A102: 05.03 - Katma Değer Vergisi Beyannamesini Vermeyen Mükellefler Arasından Takdir Komisyonuna Sevk Edilmeyenlerin Listesi | B102: Halim YARAR | C102: 1911292067 | E102: BURSA ATLISPOR KULÜBÜ DERNEĞİ İKTİSADİ İŞLETMESİ | F102: 0015 | G102: 202111202111
A103: 05.03 - Katma Değer Vergisi Beyannamesini Vermeyen Mükellefler Arasından Takdir Komisyonuna Sevk Edilmeyenlerin Listesi | B103: Ahmet TARANCI | C103: 4150625173 | D103: 32110237908 | E103: AHMET YASİN GÜLAYAN | F103: 0015 | G103: 202111202111
A104: 05.03 - Katma Değer Vergisi Beyannamesini Vermeyen Mükellefler Arasından Takdir Komisyonuna Sevk Edilmeyenlerin Listesi | B104: Ahmet TARANCI | C104: 4150625204 | D104: 32113237844 | E104: SEFA HÜSEYİN GÜLAYAN | F104: 0015 | G104: 202111202111
A105: 05.03 - Katma Değer Vergisi Beyannamesini Vermeyen Mükellefler Arasından Takdir Komisyonuna Sevk Edilmeyenlerin Listesi | B105: Ahmet TARANCI | C105: 4150625261 | D105: 32116237780 | E105: MERVE GÜLŞAH AKSAKAL | F105: 0015 | G105: 202111202111
A106: 05.03 - Katma Değer Vergisi Beyannamesini Vermeyen Mükellefler Arasından Takdir Komisyonuna Sevk Edilmeyenlerin Listesi | B106: Ahmet TARANCI | C106: 4150625317 | D106: 32122237552 | E106: SEMRA GÜLAYAN | F106: 0015 | G106: 202111202111
A107: 05.03 - Katma Değer Vergisi Beyannamesini Vermeyen Mükellefler Arasından Takdir Komisyonuna Sevk Edilmeyenlerin Listesi | B107: Resul MEYDAN | C107: 4780910241 | E107: TASF.HAL.İNG YABANCI DİL AKADEMİK KURSLARI EĞİTİM TİCARET LİMİTED ŞİRKETİ | F107: 0015 | G107: 202111202111
A108: 05.03 - Katma Değer Vergisi Beyannamesini Vermeyen Mükellefler Arasından Takdir Komisyonuna Sevk Edilmeyenlerin Listesi | B108: Ali BEŞTAŞ | C108: 7750410574 | E108: BURSA SOSYAL GÜVENLİK KURUMU İL MÜDÜRLÜĞÜ PERSONELİ TABLDOT İŞLETME SERVİSİ | F108: 0015 | G108: 202111202111
A109: 05.03 - Katma Değer Vergisi Beyannamesini Vermeyen Mükellefler Arasından Takdir Komisyonuna Sevk Edilmeyenlerin Listesi | B109: Halim YARAR | C109: 1910567473 | E109: BURSA SOSYAL GÜVENLİK İL MÜDÜRLÜĞÜ MİSAFİRHANE İŞLETMESİ. | F109: 0015 | G109: 202112202112
A110: 05.03 - Katma Değer Vergisi Beyannamesini Vermeyen Mükellefler Arasından Takdir Komisyonuna Sevk Edilmeyenlerin Listesi | B110: Halim YARAR | C110: 1911292067 | E110: BURSA ATLISPOR KULÜBÜ DERNEĞİ İKTİSADİ İŞLETMESİ | F110: 0015 | G110: 202112202112
A111: 05.03 - Katma Değer Vergisi Beyannamesini Vermeyen Mükellefler Arasından Takdir Komisyonuna Sevk Edilmeyenlerin Listesi | B111: Çağatay TÜRKOĞLU | C111: 2711220900 | D111: 53620466732 | E111: HAYRİYE KARAGÜL | F111: 0015 | G111: 202112202112
A112: 05.03 - Katma Değer Vergisi Beyannamesini Vermeyen Mükellefler Arasından Takdir Komisyonuna Sevk Edilmeyenlerin Listesi | B112: Ahmet TARANCI | C112: 4150625173 | D112: 32110237908 | E112: AHMET YASİN GÜLAYAN | F112: 0015 | G112: 202112202112
A113: 05.03 - Katma Değer Vergisi Beyannamesini Vermeyen Mükellefler Arasından Takdir Komisyonuna Sevk Edilmeyenlerin Listesi | B113: Ahmet TARANCI | C113: 4150625204 | D113: 32113237844 | E113: SEFA HÜSEYİN GÜLAYAN | F113: 0015 | G113: 202112202112
A114: 05.03 - Katma Değer Vergisi Beyannamesini Vermeyen Mükellefler Arasından Takdir Komisyonuna Sevk Edilmeyenlerin Listesi | B114: Ahmet TARANCI | C114: 4150625261 | D114: 32116237780 | E114: MERVE GÜLŞAH AKSAKAL | F114: 0015 | G114: 202112202112
A115: 05.03 - Katma Değer Vergisi Beyannamesini Vermeyen Mükellefler Arasından Takdir Komisyonuna Sevk Edilmeyenlerin Listesi | B115: Ahmet TARANCI | C115: 4150625317 | D115: 32122237552 | E115: SEMRA GÜLAYAN | F115: 0015 | G115: 202112202112
A116: 05.03 - Katma Değer Vergisi Beyannamesini Vermeyen Mükellefler Arasından Takdir Komisyonuna Sevk Edilmeyenlerin Listesi | B116: Resul MEYDAN | C116: 4780910241 | E116: TASF.HAL.İNG YABANCI DİL AKADEMİK KURSLARI EĞİTİM TİCARET LİMİTED ŞİRKETİ | F116: 0015 | G116: 202112202112
A117: 05.03 - Katma Değer Vergisi Beyannamesini Vermeyen Mükellefler Arasından Takdir Komisyonuna Sevk Edilmeyenlerin Listesi | B117: Ali BEŞTAŞ | C117: 7750410574 | E117: BURSA SOSYAL GÜVENLİK KURUMU İL MÜDÜRLÜĞÜ PERSONELİ TABLDOT İŞLETME SERVİSİ | F117: 0015 | G117: 202112202112
A120: AÇIKLAMA | B120: SORUMLU | C120: VERGİ KİMLİK NUMARASI | D120: T.C. KİMLİK NUMARASI | E120: AD SOYAD/UNVAN | F120: VERGİ KODU | G120: VERGİLENDİRME DÖNEMİ
A121: 05.02 - Kurumlar Vergisi Beyannamesini Vermeyen Mükellefler Arasından Takdir Komisyonuna Sevk Edilmeyenlerin Listesi | B121: Halim YARAR | C121: 1780497145 | E121: TASF.HAL.BİRLEŞ TEKSTİL SERVİS TAŞIMACILIĞI TAŞ. SAN. VE TİC. LTD. ŞTİ. | F121: 0033 | G121: 202101202103
A122: 05.02 - Kurumlar Vergisi Beyannamesini Vermeyen Mükellefler Arasından Takdir Komisyonuna Sevk Edilmeyenlerin Listesi | B122: Halim YARAR | C122: 1911292067 | E122: BURSA ATLISPOR KULÜBÜ DERNEĞİ İKTİSADİ İŞLETMESİ | F122: 0033 | G122: 202101202103
A123: 05.02 - Kurumlar Vergisi Beyannamesini Vermeyen Mükellefler Arasından Takdir Komisyonuna Sevk Edilmeyenlerin Listesi | B123: Ahmet TARANCI | C123: 3350438379 | E123: ENİSA KUMAŞ İPLİK TEKS.SAN.VE TİC.LTD. ŞTİ. | F123: 0033 | G123: 202101202103
...

Sheet 06 VERGİ CEZA İHBARNAMELERİ
A2: AÇIKLAMA | B2: SORUMLU | C2: VERGİ KİMLİK NUMARASI | D2: UNVAN | E2: TAHAKKUK FİŞ NUMARASI | F2: DÖNEM | G2: ANA VERGİ KODU | H2: VERGİ KODU | I2: TAHAKKUK TOPLAMI | J2: TAHSİLAT TOPLAMI
A3: 06.04 - Ödenmediği Halde Terkin Edilmeyen Geçici Vergi Tahakkukları Listesi | B3: Özge TARIM | C3: 1271222714 | D3: B R ÖZTEKİN İNŞAAT OTOMOTİV ORMAN ÜRÜNLERİ LİMİTED ŞİRKETİ | E3: 2026022001QB60000020 | F3: 202404202406 | G3: 0033 | H3: 0033 | I3: 3825 | J3: 0
A4: 06.04 - Ödenmediği Halde Terkin Edilmeyen Geçici Vergi Tahakkukları Listesi | B4: Özge TARIM | C4: 1271222714 | D4: B R ÖZTEKİN İNŞAAT OTOMOTİV ORMAN ÜRÜNLERİ LİMİTED ŞİRKETİ | E4: 2026022001QB60000021 | F4: 202407202409 | G4: 0033 | H4: 0033 | I4: 3753 | J4: 0
A5: 06.04 - Ödenmediği Halde Terkin Edilmeyen Geçici Vergi Tahakkukları Listesi | B5: Halim YARAR | C5: 1710384045 | D5: NEŞE BİLGE | E5: 2026022001QB60000008 | F5: 202110202112 | G5: 0032 | H5: 0032 | I5: 32435.69 | J5: 0
A6: 06.04 - Ödenmediği Halde Terkin Edilmeyen Geçici Vergi Tahakkukları Listesi | B6: Halim YARAR | C6: 1710384045 | D6: NEŞE BİLGE | E6: 2026061601QB60000002 | F6: 202201202203 | G6: 0032 | H6: 0032 | I6: 17915.69 | J6: 0
A7: 06.04 - Ödenmediği Halde Terkin Edilmeyen Geçici Vergi Tahakkukları Listesi | B7: Halim YARAR | C7: 1710384045 | D7: NEŞE BİLGE | E7: 2026061601QB60000003 | F7: 202204202206 | G7: 0032 | H7: 0032 | I7: 10631.63 | J7: 0
A8: 06.04 - Ödenmediği Halde Terkin Edilmeyen Geçici Vergi Tahakkukları Listesi | B8: Halim YARAR | C8: 1710384045 | D8: NEŞE BİLGE | E8: 2026061601QB60000005 | F8: 202207202209 | G8: 0032 | H8: 0032 | I8: 17114.18 | J8: 0
A9: 06.04 - Ödenmediği Halde Terkin Edilmeyen Geçici Vergi Tahakkukları Listesi | B9: Halim YARAR | C9: 1781472250 | D9: BİRİNCİKAPI TEKSTİL GIDA TURİZM İNŞAAT SANAYİ TİCARET LİMİTED ŞİRKETİ | E9: 2026031001QB60000003 | F9: 202201202203 | G9: 0033 | H9: 0033 | I9: 1634.38 | J9: 0
A10: 06.04 - Ödenmediği Halde Terkin Edilmeyen Geçici Vergi Tahakkukları Listesi | B10: Halim YARAR | C10: 1980928184 | D10: CAN GRUP KONFEKSİYON TEKSTİL GIDA İNŞAAT MALZEMELERİ NAKLİYE İTHALAT İHRACAT VE TİCARET LTD.ŞTİ. | E10: 2026070601QB60000011 | F10: 202401202403 | G10: 0033 | H10: 0033 | I10: 89652.08 | J10: 0
A11: 06.04 - Ödenmediği Halde Terkin Edilmeyen Geçici Vergi Tahakkukları Listesi | B11: Halim YARAR | C11: 1980928184 | D11: CAN GRUP KONFEKSİYON TEKSTİL GIDA İNŞAAT MALZEMELERİ NAKLİYE İTHALAT İHRACAT VE TİCARET LTD.ŞTİ. | E11: 2026070601QB60000016 | F11: 202404202406 | G11: 0033 | H11: 0033 | I11: 67610.7 | J11: 0
A12: 06.04 - Ödenmediği Halde Terkin Edilmeyen Geçici Vergi Tahakkukları Listesi | B12: Halim YARAR | C12: 2260537416 | D12: ESRA AYVAZ | E12: 2026062301QAk0000016 | F12: 202201202203 | G12: 0032 | H12: 0032 | I12: 82500 | J12: 0
A13: 06.04 - Ödenmediği Halde Terkin Edilmeyen Geçici Vergi Tahakkukları Listesi | B13: Çağatay TÜRKOĞLU | C13: 2580635719 | D13: ZEYNEP ÇOBAN | E13: 2026030901QB70000001 | F13: 202101202103 | G13: 0032 | H13: 0032 | I13: 53389.58 | J13: 0
A14: 06.04 - Ödenmediği Halde Terkin Edilmeyen Geçici Vergi Tahakkukları Listesi | B14: Çağatay TÜRKOĞLU | C14: 2780444709 | D14: RIFAT DEMİR | E14: 2026031801QB70000002 | F14: 202001202003 | G14: 0033 | H14: 0033 | I14: 3103.86 | J14: 0
... A154: 06.04 - Ödenmediği Halde Terkin Edilmeyen Geçici Vergi Tahakkukları Listesi | B154: Ömer DÜNDAR | C154: 9640550354 | D154: ŞENOL YILDIZ | E154: 2026021701QAr0000050 | F154: 202510202512 | G154: 0032 | H154: 0032 | I154: 249788.13 | J154: 0
A158: AÇIKLAMA | B158: SORUMLU | C158: TAHAKKUK FİŞ NUMARASI | D158: DÜZELTME FİŞ NUMARASI | E158: VERGİ KİMLİK NUMARASI | F158: UNVAN | G158: DÖNEM | H158: ANA VERGİ KODU
A159: 06.05 - Geçici Vergi Terkin Edilip Gecikme Zammı Üretilmeyen Tahakkuklar Listesi | B159: Canan YILDIZOĞLU | C159: 2021052101QAo0000113 | D159: 2021111917Q9l0002614 | E159: 6700336310 | F159: MELİKE EKŞİ | G159: 202101202103 | H159: 0032
A160: 06.05 - Geçici Vergi Terkin Edilip Gecikme Zammı Üretilmeyen Tahakkuklar Listesi | B160: Ahmet TARANCI | C160: 2022020201QAl0000040 | D160: 2022041117Q9i0000711 | E160: 3870660841 | F160: AHMET MUHAMMET FİDAN | G160: 202110202112 | H160: 0032
A161: 06.05 - Geçici Vergi Terkin Edilip Gecikme Zammı Üretilmeyen Tahakkuklar Listesi | B161: Ahmet TARANCI | C161: 2022051601QAl0000070 | D161: 2023053117Q9i0001311 | E161: 3851445367 | F161: JUEZ MOBİLYA SANAYİ VE TİCARET LİMİTED ŞİRKETİ | G161: 202201202203 | H161: 0033
A162: 06.05 - Geçici Vergi Terkin Edilip Gecikme Zammı Üretilmeyen Tahakkuklar Listesi | B162: Canan YILDIZOĞLU | C162: 2023081701QAp0000213 | D162: 2024052117Q9m0001214 | E162: 7070144612 | F162: RIZA ÖZTEKİN | G162: 202304202306 | H162: 0032
A163: 06.05 - Geçici Vergi Terkin Edilip Gecikme Zammı Üretilmeyen Tahakkuklar Listesi | B163: Canan YILDIZOĞLU | C163: 2023111701QAp0000172 | D163: 2024052117Q9m0001211 | E163: 7070144612 | F163: RIZA ÖZTEKİN | G163: 202307202309 | H163: 0032
A164: 06.05 - Geçici Vergi Terkin Edilip Gecikme Zammı Üretilmeyen Tahakkuklar Listesi | B164: Ömer DÜNDAR | C164: 2024110501QAr0000074 | D164: 2025051217Q9o0000731 | E164: 9540514772 | F164: AYŞEGÜL EFE | G164: 202407202409 | H164: 0032
A165: 06.05 - Geçici Vergi Terkin Edilip Gecikme Zammı Üretilmeyen Tahakkuklar Listesi | B165: Resul MEYDAN | C165: 2024100701QAm0000017 | D165: 2025032517Q9j0000395 | E165: 4290101746 | F165: İBRAHİM GÜNDOĞDU | G165: 202407202409 | H165: 0032
A166: 06.05 - Geçici Vergi Terkin Edilip Gecikme Zammı Üretilmeyen Tahakkuklar Listesi | B166: Ahmet TARANCI | C166: 2024110501QAl0000069 | D166: 2025062517Q9i0001498 | E166: 3881718295 | F166: GALORE GIDA TİCARET LİMİTED ŞİRKETİ | G166: 202407202409 | H166: 0033
A167: 06.05 - Geçici Vergi Terkin Edilip Gecikme Zammı Üretilmeyen Tahakkuklar Listesi | B167: Hikmet ŞAHİN | C167: 2024112001QAq0000085 | D167: 2025062617Q9n0001238 | E167: 8160513184 | F167: TAKINTI TEKSTİL TURİZM GIDA İNŞAAT SANAYİ VE TİCARET LİMİTED ŞİRKETİ | G167: 202407202409 | H167: 0033
A168: 06.05 - Geçici Vergi Terkin Edilip Gecikme Zammı Üretilmeyen Tahakkuklar Listesi | B168: Nuran KARAKAYA | C168: 2023081401QAn0000234 | D168: 2024070417Q9k0001409 | E168: 5580026173 | F168: İRFAN KIRMIZ | G168: 202304202306 | H168: 0032
A169: 06.05 - Geçici Vergi Terkin Edilip Gecikme Zammı Üretilmeyen Tahakkuklar Listesi | B169: Canan YILDIZOĞLU | C169: 2023081001QAp0000072 | D169: 2024052117Q9m0001212 | E169: 7300109866 | F169: SERKAN PİŞİREN | G169: 202304202306 | H169: 0032
... A201: 06.05 - Geçici Vergi Terkin Edilip Gecikme Zammı Üretilmeyen Tahakkuklar Listesi | B201: Nalan ŞERİF | C201: 2025081401QAi0000082 | D201: 2026051117Q9f0001173 | E201: 0012097122 | F201: HAMZA ABBO | G201: 202504202506 | H201: 0032
A205: AÇIKLAMA | B205: SORUMLU | C205: İHBARNAME FİŞ NUMARASI | D205: DÜZENLENME TARİHİ | E205: İHBARNAME DURUMU | F205: VERGİ KİMLİK NUMARASI | G205: UNVAN | H205: VERGİ KODU | I205: DÖNEM
A206: 06.01 - Tarh Defterinde Geçici Olarak Bekleyen İhbarnameler Listesi | B206: Ömer DÜNDAR | C206: 2026080813QAJ0000005 | D206: 08/08/2026 | E206: Geçici | F206: 9990033214 | G206: MUSTAFA ZORLUOĞLU | H206: 0015 | I206: 202604202604
A207: 06.01 - Tarh Defterinde Geçici Olarak Bekleyen İhbarnameler Listesi | B207: Ömer DÜNDAR | C207: 2026080813QAJ0000006 | D207: 08/08/2026 | E207: Geçici | F207: 9990033214 | G207: MUSTAFA ZORLUOĞLU | H207: 0015 | I207: 202509202509
A208: 06.01 - Tarh Defterinde Geçici Olarak Bekleyen İhbarnameler Listesi | B208: Ömer DÜNDAR | C208: 2026082013QAJ0000012 | D208: 20/08/2026 | E208: Geçici | F208: 9950371883 | G208: İBRAHİM ETHEM YÜNCÜLER | H208: 3074 | I208: 202608202608
A209: 06.01 - Tarh Defterinde Geçici Olarak Bekleyen İhbarnameler Listesi | B209: Ömer DÜNDAR | C209: 2026021113QAJ0000001 | D209: 11/02/2026 | E209: Geçici | F209: 9740033335 | G209: ORHAN YILMAZ | H209: 9047 | I209: 202512202512
A210: 06.01 - Tarh Defterinde Geçici Olarak Bekleyen İhbarnameler Listesi | B210: Ömer DÜNDAR | C210: 2026080813QAJ0000002 | D210: 08/08/2026 | E210: Geçici | F210: 9640550354 | G210: ŞENOL YILDIZ | H210: 0015 | I210: 202511202511
A211: 06.01 - Tarh Defterinde Geçici Olarak Bekleyen İhbarnameler Listesi | B211: Ömer DÜNDAR | C211: 2026080813QAJ0000004 | D211: 08/08/2026 | E211: Geçici | F211: 9640550354 | G211: ŞENOL YILDIZ | H211: 0015 | I211: 202602202602
A212: 06.01 - Tarh Defterinde Geçici Olarak Bekleyen İhbarnameler Listesi | B212: Ömer DÜNDAR | C212: 2026080813QAJ0000003 | D212: 08/08/2026 | E212: Geçici | F212: 9640550354 | G212: ŞENOL YILDIZ | H212: 0015 | I212: 202601202601
A213: 06.01 - Tarh Defterinde Geçici Olarak Bekleyen İhbarnameler Listesi | B213: Ömer DÜNDAR | C213: 2026080813QAJ0000001 | D213: 08/08/2026 | E213: Geçici | F213: 9330492777 | G213: YASİR CİHAT YALIN | H213: 0015 | I213: 202604202604
A214: 06.01 - Tarh Defterinde Geçici Olarak Bekleyen İhbarnameler Listesi | B214: Ömer DÜNDAR | C214: 2026082013QAJ0000013 | D214: 20/08/2026 | E214: Geçici | F214: 9330018280 | G214: ŞABAN YALDIZ | H214: 3074 | I214: 202608202608
A215: 06.01 - Tarh Defterinde Geçici Olarak Bekleyen İhbarnameler Listesi | B215: Ömer DÜNDAR | C215: 2026090413QAJ0000001 | D215: 04/09/2026 | E215: Geçici | F215: 9241086899 | G215: VATANSEVDİ OTOMOTİV MAKİNE SANAYİ VE TİCARET LİMİTED ŞİRKETİ | H215: 4017 | I215: 202510202510
A216: 06.01 - Tarh Defterinde Geçici Olarak Bekleyen İhbarnameler Listesi | B216: Hikmet ŞAHİN | C216: 2026042913QAI0000024 | D216: 29/04/2026 | E216: Geçici | F216: 8730286258 | G216: TUZPAZARI CAMİİ DERNEĞİ | H216: 3073 | I216: 202509202509
... A391: 06.01 - Tarh Defterinde Geçici Olarak Bekleyen İhbarnameler Listesi | B391: Nalan ŞERİF | C391: 2026090213QAA0000007 | D391: 02/09/2026 | E391: Geçici | F391: 0370062892 | G391: AHMET AKSU | H391: 3080 | I391: 202301202312
A395: AÇIKLAMA | B395: SORUMLU | C395: İHBARNAME FİŞ NUMARASI | D395: DÜZENLENME TARİHİ | E395: VERGİ KİMLİK NUMARASI | F395: UNVAN | G395: VERGİ KODU | H395: DÖNEM
A396: 06.02 - Düzenlenmiş Olmasına Rağmen Tebliğ Edilmeyen İhbarnameler Listesi | B396: Hikmet ŞAHİN | C396: 2024082613QAI0000001 | D396: 26/08/2024 | E396: 8370622335 | F396: ALİYE TEMEL | G396: 3074 | H396: 202405202405
A397: 06.02 - Düzenlenmiş Olmasına Rağmen Tebliğ Edilmeyen İhbarnameler Listesi | B397: Canan YILDIZOĞLU | C397: 2025030513QAH0000001 | D397: 05/03/2025 | E397: 7290013398 | F397: SEDAT PETMEZCİ | G397: 3073 | H397: 202301202312
A398: 06.02 - Düzenlenmiş Olmasına Rağmen Tebliğ Edilmeyen İhbarnameler Listesi | B398: Özge TARIM | C398: 2025031413QAB0000004 | D398: 14/03/2025 | E398: 1150589522 | F398: RENAN AYDIN | G398: 9047 | H398: 202501202512
A399: 06.02 - Düzenlenmiş Olmasına Rağmen Tebliğ Edilmeyen İhbarnameler Listesi | B399: Nuran KARAKAYA | C399: 2025032713QAF0000001 | D399: 27/03/2025 | E399: 5450426592 | F399: HİDAYET KESER | G399: 3074 | H399: 202502202502
A400: 06.02 - Düzenlenmiş Olmasına Rağmen Tebliğ Edilmeyen İhbarnameler Listesi | B400: Ahmet TARANCI | C400: 2025070213QAE0000001 | D400: 02/07/2025 | E400: 4150460154 | F400: METİN GÜLBEYAZ | G400: 0032 | H400: 202407202409
A401: 06.02 - Düzenlenmiş Olmasına Rağmen Tebliğ Edilmeyen İhbarnameler Listesi | B401: Ömer DÜNDAR | C401: 2025090413QAJ0000004 | D401: 04/09/2025 | E401: 9971485049 | F401: İFLAS HAL.ZEMHERİ TEKSTİL KİMYA HIRDAVAT MAKİNA SANAYİ VE DIŞ TİCARET LİMİTED ŞİRKETİ | G401: 0033 | H401: 202501202503
A402: 06.02 - Düzenlenmiş Olmasına Rağmen Tebliğ Edilmeyen İhbarnameler Listesi | B402: Ömer DÜNDAR | C402: 2025090813QAJ0000001 | D402: 08/09/2025 | E402: 9971485049 | F402: İFLAS HAL.ZEMHERİ TEKSTİL KİMYA HIRDAVAT MAKİNA SANAYİ VE DIŞ TİCARET LİMİTED ŞİRKETİ | G402: 3074 | H402: 202506202506
A403: 06.02 - Düzenlenmiş Olmasına Rağmen Tebliğ Edilmeyen İhbarnameler Listesi | B403: Ömer DÜNDAR | C403: 2025091513QAJ0000001 | D403: 15/09/2025 | E403: 9971485049 | F403: İFLAS HAL.ZEMHERİ TEKSTİL KİMYA HIRDAVAT MAKİNA SANAYİ VE DIŞ TİCARET LİMİTED ŞİRKETİ | G403: 3074 | H403: 202509202509
A404: 06.02 - Düzenlenmiş Olmasına Rağmen Tebliğ Edilmeyen İhbarnameler Listesi | B404: Nalan ŞERİF | C404: 2025102213QAA0000004 | D404: 22/10/2025 | E404: 0021353191 | F404: ZEKERİYA ABDULRAHMAN | G404: 3073 | H404: 202408202408
A405: 06.02 - Düzenlenmiş Olmasına Rağmen Tebliğ Edilmeyen İhbarnameler Listesi | B405: Canan YILDIZOĞLU | C405: 2025102813QAG0000001 | D405: 28/10/2025 | E405: 6490690543 | F405: CİHAD OYMAN | G405: 0012 | H405: 202101202112
A406: 06.02 - Düzenlenmiş Olmasına Rağmen Tebliğ Edilmeyen İhbarnameler Listesi | B406: Canan YILDIZOĞLU | C406: 2025112013QAH0000012 | D406: 20/11/2025 | E406: 7290013398 | F406: SEDAT PETMEZCİ | G406: 0012 | H406: 202301202312
... A554: 06.02 - Düzenlenmiş Olmasına Rağmen Tebliğ Edilmeyen İhbarnameler Listesi | B554: Özge TARIM | C554: 2026090813QAB0000009 | D554: 08/09/2026 | E554: 1560886543 | F554: BAYRAKER ÖRME TEKSTİL SANAYİ VE TİCARET LİMİTED ŞİRKETİ | G554: 3074 | H554: 202601202612
A558: AÇIKLAMA | B558: SORUMLU | C558: İHBARNAME FİŞ NUMARASI | D558: DÜZENLENME TARİHİ | E558: VERGİ KİMLİK NUMARASI | F558: UNVAN | G558: VERGİ KODU | H558: DÖNEM | I558: TEBLİĞ TARİHİ
A559: 06.03 - Tebliğ Edilmiş Olmasına Rağmen Tahakkuku Verilmeyen İhbarnameler Listesi | B559: Ahmet TARANCI | C559: 2024041813QAE0000001 | D559: 18/04/2024 | E559: 4190638275 | F559: SİNAN GÜLER | G559: 9047 | H559: 202101202112 | I559: 30/04/2024
A560: 06.03 - Tebliğ Edilmiş Olmasına Rağmen Tahakkuku Verilmeyen İhbarnameler Listesi | B560: Resul MEYDAN | C560: 2024070513QAE0000001 | D560: 05/07/2024 | E560: 4620046422 | F560: HİDROTEK HORTUM SANAYİ VE TİCARET LİMİTED ŞİRKETİ | G560: 4047 | H560: 202402202402 | I560: 14/07/2024
A561: 06.03 - Tebliğ Edilmiş Olmasına Rağmen Tahakkuku Verilmeyen İhbarnameler Listesi | B561: Ahmet TARANCI | C561: 2024081613QAD0000001 | D561: 16/08/2024 | E561: 3530607642 | F561: ÖZLEM ÖZAY | G561: 9047 | H561: 202301202312 | I561: 18/09/2024
A562: 06.03 - Tebliğ Edilmiş Olmasına Rağmen Tahakkuku Verilmeyen İhbarnameler Listesi | B562: Ahmet TARANCI | C562: 2024090213QAD0000001 | D562: 02/09/2024 | E562: 3690365308 | F562: ABDURRAHİM CAN | G562: 9047 | H562: 202301202312 | I562: 11/09/2024
A563: 06.03 - Tebliğ Edilmiş Olmasına Rağmen Tahakkuku Verilmeyen İhbarnameler Listesi | B563: Resul MEYDAN | C563: 2024091613QAE0000022 | D563: 16/09/2024 | E563: 4630210669 | F563: FETİH HOROZ | G563: 9047 | H563: 202101202112 | I563: 10/12/2024
A564: 06.03 - Tebliğ Edilmiş Olmasına Rağmen Tahakkuku Verilmeyen İhbarnameler Listesi | B564: Resul MEYDAN | C564: 2024112713QAE0000002 | D564: 27/11/2024 | E564: 4860413369 | F564: İLHAN KADI | G564: 9047 | H564: 202401202412 | I564: 09/11/2025
A565: 06.03 - Tebliğ Edilmiş Olmasına Rağmen Tahakkuku Verilmeyen İhbarnameler Listesi | B565: Resul MEYDAN | C565: 2024120913QAE0000001 | D565: 09/12/2024 | E565: 4580073659 | F565: MEHMETALİ HASAN | G565: 9047 | H565: 202101202112 | I565: 15/12/2024
A566: 06.03 - Tebliğ Edilmiş Olmasına Rağmen Tahakkuku Verilmeyen İhbarnameler Listesi | B566: Ahmet TARANCI | C566: 2025010313QAD0000001 | D566: 03/01/2025 | E566: 3311537210 | F566: VALENCİA GROUP COMPANY TEKSTİL LİMİTED ŞİRKETİ | G566: 4047 | H566: 202411202411 | I566: 08/01/2025
A567: 06.03 - Tebliğ Edilmiş Olmasına Rağmen Tahakkuku Verilmeyen İhbarnameler Listesi | B567: Resul MEYDAN | C567: 2025010813QAE0000002 | D567: 08/01/2025 | E567: 4960055584 | F567: GANİME KANGAL | G567: 9047 | H567: 202401202412 | I567: 18/01/2025
A568: 06.03 - Tebliğ Edilmiş Olmasına Rağmen Tahakkuku Verilmeyen İhbarnameler Listesi | B568: Özge TARIM | C568: 2025041813QAB0000001 | D568: 18/04/2025 | E568: 1601565725 | F568: BEBEKE TEKSTİL İTHALAT VE İHRACAT SANAYİ TİCARET LİMİTED ŞİRKETİ | G568: 4047 | H568: 202501202501 | I568: 26/04/2025
A569: 06.03 - Tebliğ Edilmiş Olmasına Rağmen Tahakkuku Verilmeyen İhbarnameler Listesi | B569: Ahmet TARANCI | C569: 2025042413QAD0000001 | D569: 24/04/2025 | E569: 3951073359 | F569: TAMER GİDİCİ | G569: 9047 | H569: 202301202312 | I569: 29/04/2025
... A666: 06.03 - Tebliğ Edilmiş Olmasına Rağmen Tahakkuku Verilmeyen İhbarnameler Listesi | B666: Canan YILDIZOĞLU | C666: 2026070913QAH0000001 | D666: 09/07/2026 | E666: 7030373859 | F666: SERKAN ÖZNAL | G666: 0001 | H666: 202501202512 | I666: 19/07/2026

Sheet 08 SÜREKSİZ YÜKÜMLÜLÜKLER
A1: AÇIKLAMA | B1: SORUMLU | C1: OLAY KAYIT DEFTER NUMARASI | D1: VERGİ KİMLİK NUMARASI | E1: T.C. KİMLİK NUMARASI | F1: UNVAN | G1: VERGİ KODU | H1: KAYNAK AÇIKLAMA | I1: KAYNAK BELGE AÇIKLAMA | J1: BELGE TARİHİ | K1: TEBLİĞ TARİHİ | L1: İLAN NUMARASI | M1: MİKTAR | N1: TAHAKKUK FİŞ NUMARASI | O1: TAHAKKUK DURUM | P1: VDKODU | Q1: VERGİ DAİRESİ ADI
A2: 08.04 - Süreksiz Yükümlülüklere İlişkin Olay Kaydı İptal Edilmemiş Olmasına Rağmen Tahakkuku İptal Edilmiş Olan İşlemler Listesi | B2: Canan YILDIZOĞLU | C2: 2020062532Q9e0000312 | D2: 6710747554 | F2: ÖZCAN ALAGÖZ ÖZEL EĞİTİM HİZMETLERİ İNŞAAT TAAHHÜT SANAYİ VE TİCARET ANONİM ŞİRKETİ | G2: 9411 | H2: Mükellef | I2: Liste | J2: 25/06/2020 | M2: 4665.8 | N2: 2020062501QBB0000002 | O2: Pasif | P2: 016252 | Q2: YILDIRIM VERGİ DAİRESİ
A3: 08.04 - Süreksiz Yükümlülüklere İlişkin Olay Kaydı İptal Edilmemiş Olmasına Rağmen Tahakkuku İptal Edilmiş Olan İşlemler Listesi | B3: Ömer DÜNDAR | C3: 2020072932Q9e0000343 | D3: 9710357783 | E3: 38572005796 | F3: İBRAHİM YILMAZ | G3: 9148 | H3: Mükellef | I3: Liste | J3: 29/07/2020 | M3: 305.2 | N3: 2020072901QBE0000003 | O3: Pasif | P3: 016252 | Q3: YILDIRIM VERGİ DAİRESİ
A4: 08.04 - Süreksiz Yükümlülüklere İlişkin Olay Kaydı İptal Edilmemiş Olmasına Rağmen Tahakkuku İptal Edilmiş Olan İşlemler Listesi | B4: Canan YILDIZOĞLU | C4: 2020082032Q9e0000370 | D4: 7220031529 | F4: TASF.HAL. PARLAR TEKSTİL SANAYİ VE TİCARET LİMİTED ŞİRKETİ | G4: 9059 | H4: Diğer | I4: Diğer | J4: 20/08/2020 | M4: 637.9 | N4: 2020082001QBC0000001 | O4: Pasif | P4: 016252 | Q4: YILDIRIM VERGİ DAİRESİ
A5: 08.04 - Süreksiz Yükümlülüklere İlişkin Olay Kaydı İptal Edilmemiş Olmasına Rağmen Tahakkuku İptal Edilmiş Olan İşlemler Listesi | B5: Hikmet ŞAHİN | C5: 2021011232Q9e0000007 | D5: 9040065951 | F5: MİMARLIK 2000 MİMARLIK MÜHENDİSLİK İNŞAAT TAAHHÜT TURİZM MÜZİK SANAYİ VE TİCARET LİMİTED ŞİRKETİ | G5: 9059 | H5: Mükellef | I5: Liste | J5: 31/12/2020 | M5: 637.9 | N5: 2021011201QBE0000005 | O5: Pasif | P5: 016252 | Q5: YILDIRIM VERGİ DAİRESİ
A6: 08.04 - Süreksiz Yükümlülüklere İlişkin Olay Kaydı İptal Edilmemiş Olmasına Rağmen Tahakkuku İptal Edilmiş Olan İşlemler Listesi | B6: Ömer DÜNDAR | C6: 2021041332Q9e0000087 | D6: 9630021144 | E6: 25705446700 | F6: MEHMET ALİ YILDIZ | G6: 9059 | H6: Mükellef | I6: Liste | J6: 13/04/2021 | M6: 78.2 | N6: 2021041301QBE0000002 | O6: Pasif | P6: 016252 | Q6: YILDIRIM VERGİ DAİRESİ
A7: 08.04 - Süreksiz Yükümlülüklere İlişkin Olay Kaydı İptal Edilmemiş Olmasına Rağmen Tahakkuku İptal Edilmiş Olan İşlemler Listesi | B7: Ömer DÜNDAR | C7: 2021041332Q9e0000088 | D7: 9800021406 | E7: 14317796952 | F7: RAMİZ YİĞİT | G7: 9059 | H7: Mükellef | I7: Liste | J7: 13/04/2021 | M7: 78.2 | N7: 2021041301QBE0000003 | O7: Pasif | P7: 016252 | Q7: YILDIRIM VERGİ DAİRESİ
A8: 08.04 - Süreksiz Yükümlülüklere İlişkin Olay Kaydı İptal Edilmemiş Olmasına Rağmen Tahakkuku İptal Edilmiş Olan İşlemler Listesi | B8: Ömer DÜNDAR | C8: 2021041332Q9e0000089 | D8: 9530016633 | E8: 10618955746 | F8: RECEP YEZER | G8: 9059 | H8: Mükellef | I8: Liste | J8: 13/04/2021 | M8: 78.2 | N8: 2021041301QBE0000004 | O8: Pasif | P8: 016252 | Q8: YILDIRIM VERGİ DAİRESİ
A9: 08.04 - Süreksiz Yükümlülüklere İlişkin Olay Kaydı İptal Edilmemiş Olmasına Rağmen Tahakkuku İptal Edilmiş Olan İşlemler Listesi | B9: Ömer DÜNDAR | C9: 2021041332Q9e0000090 | D9: 9950035127 | E9: 25540475552 | F9: YUSUF ZİYA YÜREK | G9: 9059 | H9: Mükellef | I9: Liste | J9: 13/04/2021 | M9: 78.2 | N9: 2021041301QBE0000005 | O9: Pasif | P9: 016252 | Q9: YILDIRIM VERGİ DAİRESİ
A10: 08.04 - Süreksiz Yükümlülüklere İlişkin Olay Kaydı İptal Edilmemiş Olmasına Rağmen Tahakkuku İptal Edilmiş Olan İşlemler Listesi | B10: Hikmet ŞAHİN | C10: 2021041332Q9e0000092 | D10: 8350633252 | E10: 41098740294 | F10: MEHMET ALİ TEKİN | G10: 9059 | H10: Mükellef | I10: Liste | J10: 09/03/2020 | M10: 78.2 | N10: 2021041301QBD0000002 | O10: Pasif | P10: 016252 | Q10: YILDIRIM VERGİ DAİRESİ
A11: 08.04 - Süreksiz Yükümlülüklere İlişkin Olay Kaydı İptal Edilmemiş Olmasına Rağmen Tahakkuku İptal Edilmiş Olan İşlemler Listesi | B11: Ömer DÜNDAR | C11: 2021071332Q9e0000282 | D11: 9240877282 | F11: TASF.HAL.VEMAKS TEKSTİL İTHALAT İHRACAT SANAYİ VE TİCARET LİMİTED ŞİRKETİ | G11: 9059 | H11: Mükellef | I11: Diğer | J11: 06/07/2021 | M11: 696 | N11: 2021071301QBE0000072 | O11: Pasif | P11: 016252 | Q11: YILDIRIM VERGİ DAİRESİ
A12: 08.04 - Süreksiz Yükümlülüklere İlişkin Olay Kaydı İptal Edilmemiş Olmasına Rağmen Tahakkuku İptal Edilmiş Olan İşlemler Listesi | B12: Hikmet ŞAHİN | C12: 2022031132Q9e0000100 | D12: 8360073263 | F12: TEKİNYOL MADENCİLİK SANAYİ VE TİCARET LİMİTED ŞİRKETİ | G12: 9060 | H12: Mükellef | I12: Liste | J12: 30/06/2021 | M12: 145389.52 | N12: 2022031101QBD0000001 | O12: Pasif | P12: 016252 | Q12: YILDIRIM VERGİ DAİRESİ
A13: 08.04 - Süreksiz Yükümlülüklere İlişkin Olay Kaydı İptal Edilmemiş Olmasına Rağmen Tahakkuku İptal Edilmiş Olan İşlemler Listesi | B13: Hikmet ŞAHİN | C13: 2022031132Q9e0000102 | D13: 8360073263 | F13: TEKİNYOL MADENCİLİK SANAYİ VE TİCARET LİMİTED ŞİRKETİ | G13: 9060 | H13: Mükellef | I13: Liste | J13: 30/06/2018 | M13: 12548 | N13: 2022031101QBD0000003 | O13: Pasif | P13: 016252 | Q13: YILDIRIM VERGİ DAİRESİ
A14: 08.04 - Süreksiz Yükümlülüklere İlişkin Olay Kaydı İptal Edilmemiş Olmasına Rağmen Tahakkuku İptal Edilmiş Olan İşlemler Listesi | B14: Hikmet ŞAHİN | C14: 2022081632Q9e0000460 | D14: 8440043347 | E14: 49861815552 | F14: HÜSEYİN TİMUR | G14: 9059 | H14: Mükellef | I14: Liste | J14: 08/08/2022 | M14: 947.9 | N14: 2022081601QBD0000001 | O14: Pasif | P14: 016252 | Q14: YILDIRIM VERGİ DAİRESİ
A15: 08.04 - Süreksiz Yükümlülüklere İlişkin Olay Kaydı İptal Edilmemiş Olmasına Rağmen Tahakkuku İptal Edilmiş Olan İşlemler Listesi | B15: Hikmet ŞAHİN | C15: 2022090832Q9e0000473 | D15: 8330468734 | F15: TEKBEN EĞİTİM İNTERNET İNSAN KAYNAKLARI YAYINCILIK HİZMETLERİ SANAYİ VE TİCARET LİMİTED ŞİRKETİ | G15: 9411 | H15: Mükellef | I15: Liste | J15: 08/09/2022 | M15: 3463.5 | N15: 2022090801QBD0000002 | O15: Pasif | P15: 016252 | Q15: YILDIRIM VERGİ DAİRESİ
A16: 08.04 - Süreksiz Yükümlülüklere İlişkin Olay Kaydı İptal Edilmemiş Olmasına Rağmen Tahakkuku İptal Edilmiş Olan İşlemler Listesi | B16: Canan YILDIZOĞLU | C16: 2023080732Q9e0000386 | D16: 7280595992 | F16: PENGİM TEKSTİL SANAYİ VE TİCARET LİMİTED ŞİRKETİ | G16: 9339 | H16: Mükellef | I16: Liste | J16: 19/04/2023 | K16: 19/04/2023 | M16: 67944.15 | N16: 2023080701QBC0000003 | O16: Pasif | P16: 016252 | Q16: YILDIRIM VERGİ DAİRESİ
A17: 08.04 - Süreksiz Yükümlülüklere İlişkin Olay Kaydı İptal Edilmemiş Olmasına Rağmen Tahakkuku İptal Edilmiş Olan İşlemler Listesi | B17: Ömer DÜNDAR | C17: 2023121432Q9e0000627 | D17: 9800407558 | E17: 15757753178 | F17: YUSUFCAN YİGİT | G17: 9374 | H17: Diğer | I17: Liste | J17: 29/09/2023 | K17: 10/11/2023 | M17: 169 | N17: 2023121401QBE0000001 | O17: Pasif | P17: 016252 | Q17: YILDIRIM VERGİ DAİRESİ
A18: 08.04 - Süreksiz Yükümlülüklere İlişkin Olay Kaydı İptal Edilmemiş Olmasına Rağmen Tahakkuku İptal Edilmiş Olan İşlemler Listesi | B18: Hikmet ŞAHİN | C18: 2024011632Q9e0000035 | D18: 8690452890 | F18: TUREM BİLİŞİM DANIŞMANLIK TELEKOMİNİKASYON İNŞAAT OTOMOTİV GIDA TURİZM SANAYİ VE TİCARET LTD.ŞTİ. | G18: 9338 | H18: Mükellef | I18: Liste | J18: 20/11/2023 | K18: 25/11/2023 | M18: 4000 | N18: 2024011601QBD0000007 | O18: Pasif | P18: 016252 | Q18: YILDIRIM VERGİ DAİRESİ
A19: 08.04 - Süreksiz Yükümlülüklere İlişkin Olay Kaydı İptal Edilmemiş Olmasına Rağmen Tahakkuku İptal Edilmiş Olan İşlemler Listesi | B19: Canan YILDIZOĞLU | C19: 2024031832Q9e0000216 | D19: 7320053724 | F19: POLİTET TEKSTİL KONFEKSİYON SANAYİ VE TİCARET ANONİM ŞİRKETİ | G19: 9339 | H19: Diğer | I19: Liste | J19: 08/03/2023 | K19: 11/03/2024 | M19: 30266.41 | N19: 2024031801QBC0000005 | O19: Pasif | P19: 016252 | Q19: YILDIRIM VERGİ DAİRESİ
A20: 08.04 - Süreksiz Yükümlülüklere İlişkin Olay Kaydı İptal Edilmemiş Olmasına Rağmen Tahakkuku İptal Edilmiş Olan İşlemler Listesi | B20: Canan YILDIZOĞLU | C20: 2024031832Q9e0000217 | D20: 7320053724 | F20: POLİTET TEKSTİL KONFEKSİYON SANAYİ VE TİCARET ANONİM ŞİRKETİ | G20: 9339 | H20: Cumhuriyet Savcılığı | I20: Mahkeme Kararı | J20: 08/03/2023 | K20: 11/03/2024 | M20: 30266.41 | N20: 2024031801QBC0000006 | O20: Pasif | P20: 016252 | Q20: YILDIRIM VERGİ DAİRESİ

Sheet 09 KANUNİ SÜRESİNDEN SONRA VERİ
A1: AÇIKLAMA | B1: SORUMLU | C1: VERGİ KİMLİK NUMARASI | D1: UNVAN | E1: VERGİ KODU | F1: VERGİLENDİRME DÖNEMİ | G1: TAHAKKUK FİŞ NUMARASI | H1: TAHAKKUK TARİHİ | I1: TAHAKKUK TÜRÜ | J1: TAHAKKUK İŞLEM TÜRÜ | K1: AÇIKLAMA
A2: 09.03 - Elektronik Ortamda Beyanname Vermek Zorunda Olan Mükelleflerden Kanuni Süresinden Sonra Beyanname Verildiği Halde Hakkında Özel Usulsüzlük Cezası Uygulanmayanlar | B2: Çağatay TÜRKOĞLU | C2: 2660242880 | D2: CENGİZ DAĞDEVİREN | E2: 0001 | F2: 202301202312 | G2: 2024071701QAk0000144 | H2: 17/07/2024 | I2: BEYANNAME | J2: KANUNİ SÜRESİNDEN SONRA THK FİŞİ | K2: LİSTEDE İHBARNAME DAYANAK NUMARASI, VERGİ KODU ,CEZA KODU YANLIŞ GİRİLENLER DE GELMEKTEDİR. KONTROL EDİNİZ.
A3: 09.03 - Elektronik Ortamda Beyanname Vermek Zorunda Olan Mükelleflerden Kanuni Süresinden Sonra Beyanname Verildiği Halde Hakkında Özel Usulsüzlük Cezası Uygulanmayanlar | B3: Ahmet TARANCI | C3: 3950358783 | D3: CEM GEYLANER | E3: 0016 | F3: 202501202501 | G3: 2025031301QAl0000072 | H3: 13/03/2025 | I3: BEYANNAME | J3: KANUNİ SÜRESİNDEN SONRA THK FİŞİ | K3: LİSTEDE İHBARNAME DAYANAK NUMARASI, VERGİ KODU ,CEZA KODU YANLIŞ GİRİLENLER DE GELMEKTEDİR. KONTROL EDİNİZ.
A7: AÇIKLAMA | B7: SORUMLU | C7: VERGİ KİMLİK NUMARASI | D7: UNVAN | E7: İŞE BAŞLAMA TARİHİ
A8: 09.04 - Elektronik Tebligat Adresi Edinmeyen Gerçek Kişi Mükellefler Listesi | B8: Özge TARIM | C8: 1270425791 | D8: MAHMUD YASİR AZİZİ | E8: 01/03/2026
A9: 09.04 - Elektronik Tebligat Adresi Edinmeyen Gerçek Kişi Mükellefler Listesi | B9: Çağatay TÜRKOĞLU | C9: 2390047556 | D9: MEHMET SIDDIK ÇELİK | E9: 12/08/2026
A10: 09.04 - Elektronik Tebligat Adresi Edinmeyen Gerçek Kişi Mükellefler Listesi | B10: Çağatay TÜRKOĞLU | C10: 2440790184 | D10: ÜNAL ÇETİN | E10: 29/04/2025
A11: 09.04 - Elektronik Tebligat Adresi Edinmeyen Gerçek Kişi Mükellefler Listesi | B11: Çağatay TÜRKOĞLU | C11: 2440809963 | D11: NURAN GÜVENÇ | E11: 30/05/2024
A12: 09.04 - Elektronik Tebligat Adresi Edinmeyen Gerçek Kişi Mükellefler Listesi | B12: Çağatay TÜRKOĞLU | C12: 2530062742 | D12: FİKRET ÇİÇEKSEVEN | E12: 01/01/2026
A13: 09.04 - Elektronik Tebligat Adresi Edinmeyen Gerçek Kişi Mükellefler Listesi | B13: Ahmet TARANCI | C13: 3750289970 | D13: MİNE ERTÜRK | E13: 01/01/2026
A14: 09.04 - Elektronik Tebligat Adresi Edinmeyen Gerçek Kişi Mükellefler Listesi | B14: Resul MEYDAN | C14: 4550660644 | D14: ABDULMELİK ELHALEF | E14: 29/07/2026
A15: 09.04 - Elektronik Tebligat Adresi Edinmeyen Gerçek Kişi Mükellefler Listesi | B15: Resul MEYDAN | C15: 4580983447 | D15: AHMED HARRUBİ | E15: 01/01/2026
A16: 09.04 - Elektronik Tebligat Adresi Edinmeyen Gerçek Kişi Mükellefler Listesi | B16: Resul MEYDAN | C16: 4691027737 | D16: İBRAHİM İBRAHİM | E16: 29/07/2026
A17: 09.04 - Elektronik Tebligat Adresi Edinmeyen Gerçek Kişi Mükellefler Listesi | B17: Nuran KARAKAYA | C17: 5300040141 | D17: ARİF KAYA | E17: 01/01/2026
A18: 09.04 - Elektronik Tebligat Adresi Edinmeyen Gerçek Kişi Mükellefler Listesi | B18: Nuran KARAKAYA | C18: 5510006308 | D18: HÜSEYİN KILIÇ | E18: 01/10/2024
... A28: 09.04 - Elektronik Tebligat Adresi Edinmeyen Gerçek Kişi Mükellefler Listesi | B28: Ömer DÜNDAR | C28: 9930546653 | D28: BATUHAN YÜKSEL | E28: 31/12/2024
A32: AÇIKLAMA | B32: SORUMLU | C32: VERGİ KİMLİK NUMARASI | D32: UNVAN | E32: VERGİ DAİRESİ KODU | F32: VERGİ DAİRESİ ADI | G32: İŞE BAŞLAMA TARİHİ
A33: 09.05 - Elektronik Tebligat Adresi Edinmeyen Tüzel Kişi Mükellefler Listesi | B33: Çağatay TÜRKOĞLU | C33: 2900831415 | D33: DENDEL TEKSTİL İNŞAAT LİMİTED ŞİRKETİ | E33: 016252 | F33: YILDIRIM VERGİ DAİRESİ | G33: 04/03/2026
A34: 09.05 - Elektronik Tebligat Adresi Edinmeyen Tüzel Kişi Mükellefler Listesi | B34: Resul MEYDAN | C34: 4651632964 | D34: IMAX İPLİK İTHALAT İHRACAT SANAYİ VE TİCARET LİMİTED ŞİRKETİ | E34: 016252 | F34: YILDIRIM VERGİ DAİRESİ | G34: 22/04/2026
A35: 09.05 - Elektronik Tebligat Adresi Edinmeyen Tüzel Kişi Mükellefler Listesi | B35: Canan YILDIZOĞLU | C35: 6440964385 | D35: ORABİ E-TİCARET İTHALAT İHRACAT SANAYİ TİCARET LİMİTED ŞİRKETİ | E35: 016252 | F35: YILDIRIM VERGİ DAİRESİ | G35: 21/05/2026
A36: 09.05 - Elektronik Tebligat Adresi Edinmeyen Tüzel Kişi Mükellefler Listesi | B36: Nur Berru YENİÇERİ | C36: 6121852558 | D36: MANGALCAN MÜHENDİSLİK LİMİTED ŞİRKETİ | E36: 016252 | F36: YILDIRIM VERGİ DAİRESİ | G36: 09/06/2026
A37: 09.05 - Elektronik Tebligat Adresi Edinmeyen Tüzel Kişi Mükellefler Listesi | B37: Ömer DÜNDAR | C37: 9401261861 | D37: YAŞAROĞLU SÜT VE ET ÜRÜNLERİ GIDA LİMİTED ŞİRKETİ | E37: 016252 | F37: YILDIRIM VERGİ DAİRESİ | G37: 18/08/2026
A38: 09.05 - Elektronik Tebligat Adresi Edinmeyen Tüzel Kişi Mükellefler Listesi | B38: Ömer DÜNDAR | C38: 9251322795 | D38: VOCARMED MEDİKAL TEKSTİL GIDA TURİZM İTHALAT VE İHRACAT SANAYİ TİCARET ANONİM ŞİRKETİ | E38: 016252 | F38: YILDIRIM VERGİ DAİRESİ | G38: 26/03/2026
A39: 09.05 - Elektronik Tebligat Adresi Edinmeyen Tüzel Kişi Mükellefler Listesi | B39: Ömer DÜNDAR | C39: 9870572936 | D39: YURTTEKS BOYA KİMYA SANAYİ TİCARET LİMİTED ŞİRKETİ | E39: 016252 | F39: YILDIRIM VERGİ DAİRESİ | G39: 15/11/2024
A40: 09.05 - Elektronik Tebligat Adresi Edinmeyen Tüzel Kişi Mükellefler Listesi | B40: Halim YARAR | C40: 1790145907 | D40: BONUS TEKSTİL KONFEKSİYON SANAYİ VE TİCARET LİMİTED ŞİRKETİ | E40: 016252 | F40: YILDIRIM VERGİ DAİRESİ | G40: 31/12/2002
A41: 09.05 - Elektronik Tebligat Adresi Edinmeyen Tüzel Kişi Mükellefler Listesi | B41: Nur Berru YENİÇERİ | C41: 6101671642 | D41: MADERA BABY TEKSTİL SANAYİ VE TİCARET LİMİTED ŞİRKETİ | E41: 016252 | F41: YILDIRIM VERGİ DAİRESİ | G41: 29/01/2026
A42: 09.05 - Elektronik Tebligat Adresi Edinmeyen Tüzel Kişi Mükellefler Listesi | B42: Hikmet ŞAHİN | C42: 8151202594 | D42: ŞÜKRANİYE SPOR KULÜBÜ İKTİSADİ İŞLETMESİ | E42: 016252 | F42: YILDIRIM VERGİ DAİRESİ | G42: 20/01/2026
A43: 09.05 - Elektronik Tebligat Adresi Edinmeyen Tüzel Kişi Mükellefler Listesi | B43: Canan YILDIZOĞLU | C43: 6680891969 | D43: ÖZBÜYÜKLER İNOVASYON PLASTİK TEKSTİL SANAYİ VE TİCARET LİMİTED ŞİRKETİ | E43: 016252 | F43: YILDIRIM VERGİ DAİRESİ | G43: 18/03/2026
... A52: 09.05 - Elektronik Tebligat Adresi Edinmeyen Tüzel Kişi Mükellefler Listesi | B52: Ali BEŞTAŞ | C52: 7660035967 | D52: TASF.HAL. SEVİNDİ YURT İÇİ VE ULUSLARARASI TAŞIMA VE NAKLİYAT ANBARI İŞLETMECİLİĞİ LİMİTED ŞİRKETİ | E52: 016252 | F52: YILDIRIM VERGİ DAİRESİ | G52: 12/07/2019
A57: AÇIKLAMA | B57: SORUMLU | C57: VERGİ KİMLİK NUMARASI | D57: UNVAN | E57: VERGİ KODU | F57: VERGİLENDİRME DÖNEMİ | G57: TAHAKKUK FİŞ NUMARASI | H57: TAHAKKUK TARİHİ | I57: TAHAKKUK TÜRÜ | J57: TAHAKKUK İŞLEM TÜRÜ | K57: AÇIKLAMA
A58: 09.01 - Kanuni Süresinden Sonra Beyanname Verildiği Halde Vergi/ceza İhbarnamesi Düzenlenmeyen Mükellefler Listesi | B58: Hikmet ŞAHİN | C58: 8540436585 | D58: ZEYNEL ABİDİN TOPRAK | E58: 9047 | F58: 202401202401 | G58: 2025050501QBD0000004 | H58: 05/05/2025 | I58: BEYANNAME | J58: KANUNİ SÜRESİNDEN SONRA THK FİŞİ | K58: LİSTEDE İHBARNAME DAYANAK NUMARASI, VERGİ KODU ,CEZA KODU YANLIŞ GİRİLENLER DE GELMEKTEDİR. KONTROL EDİNİZ.
A59: 09.01 - Kanuni Süresinden Sonra Beyanname Verildiği Halde Vergi/ceza İhbarnamesi Düzenlenmeyen Mükellefler Listesi | B59: Hikmet ŞAHİN | C59: 8980108588 | D59: MEHMET EMİN UYGUR | E59: 9047 | F59: 202502202502 | G59: 2025022001QBD0000001 | H59: 20/02/2025 | I59: BEYANNAME | J59: KANUNİ SÜRESİNDEN SONRA THK FİŞİ | K59: LİSTEDE İHBARNAME DAYANAK NUMARASI, VERGİ KODU ,CEZA KODU YANLIŞ GİRİLENLER DE GELMEKTEDİR. KONTROL EDİNİZ.
A60: 09.01 - Kanuni Süresinden Sonra Beyanname Verildiği Halde Vergi/ceza İhbarnamesi Düzenlenmeyen Mükellefler Listesi | B60: Hikmet ŞAHİN | C60: 8830597405 | D60: CELAL UÇAR | E60: 9047 | F60: 202411202411 | G60: 2026060201QBD0000001 | H60: 02/06/2026 | I60: BEYANNAME | J60: PİŞMANLIK TALEPLİ THK FİŞİ | K60: LİSTEDE İHBARNAME DAYANAK NUMARASI, VERGİ KODU ,CEZA KODU YANLIŞ GİRİLENLER DE GELMEKTEDİR. KONTROL EDİNİZ.
A61: 09.01 - Kanuni Süresinden Sonra Beyanname Verildiği Halde Vergi/ceza İhbarnamesi Düzenlenmeyen Mükellefler Listesi | B61: Resul MEYDAN | C61: 4831507531 | D61: JAKARMOD TEKSTİL DOKUMA SANAYİ VE TİCARET LİMİTED ŞİRKETİ | E61: 9047 | F61: 202412202412 | G61: 2025011001QB90000004 | H61: 10/01/2025 | I61: BEYANNAME | J61: PİŞMANLIK TALEPLİ THK FİŞİ | K61: LİSTEDE İHBARNAME DAYANAK NUMARASI, VERGİ KODU ,CEZA KODU YANLIŞ GİRİLENLER DE GELMEKTEDİR. KONTROL EDİNİZ.
A65: AÇIKLAMA | B65: SORUMLU | C65: VERGİ KİMLİK NUMARASI | D65: UNVAN | E65: VERGİ KODU | F65: VERGİLENDİRME DÖNEMİ | G65: TAHAKKUK FİŞ NUMARASI | H65: TAHAKKUK TARİHİ | I65: TAHAKKUK TÜRÜ | J65: TAHAKKUK İŞLEM TÜRÜ
A66: 09.02 - Kanuni Süresinden Sonra Beyanname Verildiği Halde Usulsüzlük Cezası Kesilmeyen Mükellefler Listesi | B66: Resul MEYDAN | C66: 4831507531 | D66: JAKARMOD TEKSTİL DOKUMA SANAYİ VE TİCARET LİMİTED ŞİRKETİ | E66: 9047 | F66: 202412202412 | G66: 2025011001QB90000004 | H66: 10/01/2025 | I66: BEYANNAME | J66: PİŞMANLIK TALEPLİ THK FİŞİ
A67: 09.02 - Kanuni Süresinden Sonra Beyanname Verildiği Halde Usulsüzlük Cezası Kesilmeyen Mükellefler Listesi | B67: Nuran KARAKAYA | C67: 5160777617 | D67: MURAT KARAKUŞ | E67: 9047 | F67: 202502202502 | G67: 2025021801QBA0000003 | H67: 18/02/2025 | I67: BEYANNAME | J67: KANUNİ SÜRESİNDEN SONRA THK FİŞİ
A68: 09.02 - Kanuni Süresinden Sonra Beyanname Verildiği Halde Usulsüzlük Cezası Kesilmeyen Mükellefler Listesi | B68: Hikmet ŞAHİN | C68: 8980108588 | D68: MEHMET EMİN UYGUR | E68: 9047 | F68: 202502202502 | G68: 2025022001QBD0000001 | H68: 20/02/2025 | I68: BEYANNAME | J68: KANUNİ SÜRESİNDEN SONRA THK FİŞİ
A69: 09.02 - Kanuni Süresinden Sonra Beyanname Verildiği Halde Usulsüzlük Cezası Kesilmeyen Mükellefler Listesi | B69: Hikmet ŞAHİN | C69: 8540436585 | D69: ZEYNEL ABİDİN TOPRAK | E69: 9047 | F69: 202401202401 | G69: 2025050501QBD0000004 | H69: 05/05/2025 | I69: BEYANNAME | J69: KANUNİ SÜRESİNDEN SONRA THK FİŞİ
A70: 09.02 - Kanuni Süresinden Sonra Beyanname Verildiği Halde Usulsüzlük Cezası Kesilmeyen Mükellefler Listesi | B70: Nuran KARAKAYA | C70: 5300608918 | D70: AYTEKİN KAYA | E70: 9047 | F70: 202401202412 | G70: 2025100101QBA0000015 | H70: 01/10/2025 | I70: BEYANNAME | J70: KANUNİ SÜRESİNDEN SONRA THK FİŞİ
A71: 09.02 - Kanuni Süresinden Sonra Beyanname Verildiği Halde Usulsüzlük Cezası Kesilmeyen Mükellefler Listesi | B71: Nuran KARAKAYA | C71: 4991142239 | D71: KAPLANER TÜTÜNCÜLÜK GIDA İNŞAAT AKARYAKIT TURİZM TAŞIMACILIK SANAYİ VE TİCARET ANONİM ŞİRKETİ | E71: 9047 | F71: 202509202509 | G71: 2025101601QB90000012 | H71: 16/10/2025 | I71: BEYANNAME | J71: PİŞMANLIK TALEPLİ THK FİŞİ
A72: 09.02 - Kanuni Süresinden Sonra Beyanname Verildiği Halde Usulsüzlük Cezası Kesilmeyen Mükellefler Listesi | B72: Nalan ŞERİF | C72: 0320027058 | D72: AKNUR DÖVİZ ALTIN TİCARET YETKİLİ MÜESSESE ANONİM ŞİRKETİ | E72: 9015 | F72: 202603202603 | G72: 2026052501QAi0000086 | H72: 25/05/2026 | I72: BEYANNAME | J72: PİŞMANLIK TALEPLİ THK FİŞİ
A73: 09.02 - Kanuni Süresinden Sonra Beyanname Verildiği Halde Usulsüzlük Cezası Kesilmeyen Mükellefler Listesi | B73: Nalan ŞERİF | C73: 0320027058 | D73: AKNUR DÖVİZ ALTIN TİCARET YETKİLİ MÜESSESE ANONİM ŞİRKETİ | E73: 9015 | F73: 202602202602 | G73: 2026052501QAi0000090 | H73: 25/05/2026 | I73: BEYANNAME | J73: PİŞMANLIK TALEPLİ THK FİŞİ
A74: 09.02 - Kanuni Süresinden Sonra Beyanname Verildiği Halde Usulsüzlük Cezası Kesilmeyen Mükellefler Listesi | B74: Nalan ŞERİF | C74: 0320027058 | D74: AKNUR DÖVİZ ALTIN TİCARET YETKİLİ MÜESSESE ANONİM ŞİRKETİ | E74: 9015 | F74: 202601202601 | G74: 2026052501QAi0000092 | H74: 25/05/2026 | I74: BEYANNAME | J74: PİŞMANLIK TALEPLİ THK FİŞİ
A75: 09.02 - Kanuni Süresinden Sonra Beyanname Verildiği Halde Usulsüzlük Cezası Kesilmeyen Mükellefler Listesi | B75: Hikmet ŞAHİN | C75: 8830597405 | D75: CELAL UÇAR | E75: 9047 | F75: 202411202411 | G75: 2026060201QBD0000001 | H75: 02/06/2026 | I75: BEYANNAME | J75: PİŞMANLIK TALEPLİ THK FİŞİ
